Workbook

Sheet TASKS
A1: file:///D:/C2%20_Project%20_Tesla%20Social%20Media%20Analytics_Tesla%20(Set3).pdf

Sheet Posts
A1: Post ID | B1: Platform | C1: Date | D1: Content Type | E1: Post Text | F1: Likes | G1: Shares | H1: Comments | I1: Impressions | J1: Reach | K1: Clicks | L1: Hashtags Used | M1: Campaign_Name
A2: P001 | B2: Twitter | C2: 2024-12-23 | D2: Reel | E2: Check out our latest reel on twitter! | F2: 1461 | G2: 184 | H2: 344 | I2: 21915 | J2: 21675 | K2: 15 | L2: #FutureOfDriving,#AnytimeIsTeslaTime | M2: CybertruckLaunch
A3: P002 | B3: Twitter | C3: 2025-04-03 | D3: Text | E3: Check out our latest text on twitter! | F3: 4054 | G3: 389 | H3: 493 | I3: 64864 | J3: 64383 | K3: 117 | L3: #TeslaCoInnovation,#BetterWithTesla | M3: ModelYCampaign
A4: P003 | B4: YouTube | C4: 2025-05-12 | D4: Reel | E4: Check out our latest reel on youtube! | F4: 2795 | G4: 105 | H4: 49 | I4: 53105 | J4: 52307 | K4: 204 | L4: #TeslaCoInnovation | M4: FSDUpdate
A5: P004 | B5: Instagram | C5: 2024-08-12 | D5: Story | E5: Check out our latest story on instagram! | F5: 2404 | G5: 363 | H5: 138 | I5: 19232 | J5: 18636 | K5: 128 | L5: #EVRevolution | M5: SustainabilityDrive
A6: P005 | B6: YouTube | C6: 2024-06-26 | D6: Reel | E6: Check out our latest reel on youtube! | F6: 3557 | G6: 687 | H6: 424 | I6: 71140 | J6: 70701 | K6: 224 | L6: #EVRevolution,#TeslaCoInnovation | M6: CybertruckLaunch
A7: P006 | B7: Facebook | C7: 2024-10-31 | D7: Carousel | E7: Check out our latest carousel on facebook! | F7: 2945 | G7: 930 | H7: 355 | I7: 23560 | J7: 23275 | K7: 256 | L7: #TeslaCoInnovation | M7: ModelYCampaign
A8: P007 | B8: Twitter | C8: 2024-06-24 | D8: Carousel | E8: Check out our latest carousel on twitter! | F8: 3860 | G8: 201 | H8: 279 | I8: 61760 | J8: 61660 | K8: 235 | L8: #TeslaCoInnovation | M8: ModelYCampaign
A9: P008 | B9: YouTube | C9: 2024-07-13 | D9: Image | E9: Check out our latest image on youtube! | F9: 3929 | G9: 262 | H9: 278 | I9: 43219 | J9: 42841 | K9: 39 | L9: #EVRevolution | M9: SustainabilityDrive
A10: P009 | B10: Facebook | C10: 2024-08-30 | D10: Text | E10: Check out our latest text on facebook! | F10: 3784 | G10: 808 | H10: 404 | I10: 56760 | J10: 56343 | K10: 131 | L10: #TeslaCoInnovation | M10: ModelYCampaign
A11: P010 | B11: Facebook | C11: 2025-03-11 | D11: Image | E11: Check out our latest image on facebook! | F11: 4241 | G11: 902 | H11: 47 | I11: 72097 | J11: 71598 | K11: 167 | L11: #TeslaCoInnovation | M11: ModelYCampaign
A12: P011 | B12: Instagram | C12: 2025-02-02 | D12: Story | E12: Check out our latest story on instagram! | F12: 1792 | G12: 614 | H12: 497 | I12: 25088 | J12: 24675 | K12: 65 | L12: #FutureOfDriving | M12: SustainabilityDrive
A13: P012 | B13: Facebook | C13: 2024-07-21 | D13: Reel | E13: Check out our latest reel on facebook! | F13: 1946 | G13: 686 | H13: 377 | I13: 23352 | J13: 22982 | K13: 213 | L13: #FutureOfDriving | M13: FSDUpdate
A14: P013 | B14: YouTube | C14: 2024-11-18 | D14: Carousel | E14: Check out our latest carousel on youtube! | F14: 1171 | G14: 286 | H14: 231 | I14: 22249 | J14: 21282 | K14: 114 | L14: #EVRevolution | M14: CybertruckLaunch
A15: P014 | B15: Facebook | C15: 2025-02-16 | D15: Story | E15: Check out our latest story on facebook! | F15: 4242 | G15: 555 | H15: 131 | I15: 33936 | J15: 33802 | K15: 265 | L15: #FutureOfDriving
A16: P015 | B16: Facebook | C16: 2024-10-24 | D16: Video | E16: Check out our latest video on facebook! | F16: 3888 | G16: 604 | H16: 128 | I16: 77760 | J16: 77167 | K16: 20 | L16: #FutureOfDriving | M16: CybertruckLaunch
A17: P016 | B17: Facebook | C17: 2024-08-26 | D17: Text | E17: Check out our latest text on facebook! | F17: 3452 | G17: 377 | H17: 360 | I17: 55232 | J17: 55075 | K17: 87 | L17: #FutureOfDriving | M17: FSDUpdate
A18: P017 | B18: Facebook | C18: 2025-05-05 | D18: Text | E18: Check out our latest text on facebook! | F18: 4441 | G18: 511 | H18: 70 | I18: 53292 | J18: 53082 | K18: 159 | L18: #EVRevolution | M18: SustainabilityDrive
A19: P018 | B19: Instagram | C19: 2024-08-19 | D19: Reel | E19: Check out our latest reel on instagram! | F19: 3000 | G19: 382 | H19: 325 | I19: 36000 | J19: 35819 | K19: 19 | L19: #FutureOfDriving | M19: CybertruckLaunch
A20: P019 | B20: Instagram | C20: 2024-06-23 | D20: Video | E20: Check out our latest video on instagram! | F20: 1071 | G20: 519 | H20: 22 | I20: 16065 | J20: 15865 | K20: 103 | L20: #TeslaCoInnovation | M20: SustainabilityDrive
A21: P020 | B21: Instagram | C21: 2024-09-09 | D21: Carousel | E21: Check out our latest carousel on instagram! | F21: 4054 | G21: 488 | H21: 373 | I21: 77026 | J21: 76881 | K21: 25 | L21: #TeslaCoInnovation | M21: CybertruckLaunch
A22: P021 | B22: Instagram | C22: 2025-01-04 | D22: Reel | E22: Check out our latest reel on instagram! | F22: 4838 | G22: 640 | H22: 128 | I22: 72570 | J22: 72396 | K22: 83 | L22: #FutureOfDriving | M22: SustainabilityDrive
A23: P022 | B23: Facebook | C23: 2025-02-27 | D23: Text | E23: Check out our latest text on facebook! | F23: 1570 | G23: 187 | H23: 260 | I23: 25120 | J23: 24613 | K23: 133 | L23: #TeslaCoInnovation | M23: SustainabilityDrive
A24: P023 | B24: Facebook | C24: 2024-11-06 | D24: Video | E24: Check out our latest video on facebook! | F24: 1606 | G24: 547 | H24: 316 | I24: 32120 | J24: 31736 | K24: 225 | L24: #TeslaCoInnovation,#AnytimeIsTeslaTime | M24: ModelYCampaign
A25: P024 | B25: Facebook | C25: 2025-01-23 | D25: Video | E25: Check out our latest video on facebook! | F25: 3961 | G25: 761 | H25: 131 | I25: 67337 | J25: 66615 | K25: 161 | L25: #FutureOfDriving | M25: FSDUpdate
A26: P025 | B26: Twitter | C26: 2025-04-10 | D26: Carousel | E26: Check out our latest carousel on twitter! | F26: 3128 | G26: 211 | H26: 197 | I26: 59432 | J26: 59182 | K26: 238 | L26: #EVRevolution
A27: P026 | B27: YouTube | C27: 2025-04-05 | D27: Reel | E27: Check out our latest reel on youtube! | F27: 3009 | G27: 413 | H27: 358 | I27: 42126 | J27: 41309 | K27: 211 | L27: #FutureOfDriving | M27: ModelYCampaign
A28: P027 | B28: YouTube | C28: 2024-09-17 | D28: Text | E28: Check out our latest text on youtube! | F28: 2076 | G28: 195 | H28: 104 | I28: 33216 | J28: 32244 | K28: 51 | L28: #FutureOfDriving | M28: SustainabilityDrive
A29: P028 | B29: Instagram | C29: 2025-03-04 | D29: Video | E29: Check out our latest video on instagram! | F29: 432 | G29: 624 | H29: 123 | I29: 6912 | J29: 6259 | K29: 79 | L29: #FutureOfDriving | M29: SustainabilityDrive
A30: P029 | B30: Instagram | C30: 2025-01-31 | D30: Carousel | E30: Check out our latest carousel on instagram! | F30: 2566 | G30: 118 | H30: 37 | I30: 12830 | J30: 12264 | K30: 221 | L30: #FutureOfDriving | M30: FSDUpdate
A31: P030 | B31: Instagram | C31: 2025-02-25 | D31: Video | E31: Check out our latest video on instagram! | F31: 3095 | G31: 39 | H31: 78 | I31: 55710 | J31: 54808 | K31: 93 | L31: #EVRevolution
A32: P031 | B32: Instagram | C32: 2024-12-16 | D32: Text | E32: Check out our latest text on instagram! | F32: 438 | G32: 153 | H32: 275 | I32: 3066 | J32: 2701 | K32: 282 | L32: #TeslaCoInnovation | M32: ModelYCampaign
A33: P032 | B33: Twitter | C33: 2024-07-31 | D33: Carousel | E33: Check out our latest carousel on twitter! | F33: 2278 | G33: 10 | H33: 321 | I33: 13668 | J33: 12676 | K33: 275 | L33: #EVRevolution | M33: CybertruckLaunch
A34: P033 | B34: Facebook | C34: 2024-08-21 | D34: Image | E34: Check out our latest image on facebook! | F34: 1407 | G34: 400 | H34: 351 | I34: 16884 | J34: 15954 | K34: 113 | L34: #TeslaCoInnovation | M34: CybertruckLaunch
A35: P034 | B35: Facebook | C35: 2025-03-26 | D35: Text | E35: Check out our latest text on facebook! | F35: 1652 | G35: 89 | H35: 357 | I35: 29736 | J35: 28771 | K35: 215 | L35: #TeslaCoInnovation | M35: FSDUpdate
A36: P035 | B36: Instagram | C36: 2024-11-30 | D36: Video | E36: Check out our latest video on instagram! | F36: 3775 | G36: 16 | H36: 239 | I36: 33975 | J36: 33310 | K36: 271 | L36: #FutureOfDriving | M36: ModelYCampaign
A37: P036 | B37: Instagram | C37: 2025-04-19 | D37: Story | E37: Check out our latest story on instagram! | F37: 4518 | G37: 285 | H37: 383 | I37: 67770 | J37: 67621 | K37: 31 | L37: #EVRevolution | M37: ModelYCampaign
A38: P037 | B38: Facebook | C38: 2025-01-06 | D38: Carousel | E38: Check out our latest carousel on facebook! | F38: 3024 | G38: 925 | H38: 350 | I38: 24192 | J38: 23518 | K38: 36 | L38: #EVRevolution | M38: ModelYCampaign
A39: P038 | B39: YouTube | C39: 2025-02-17 | D39: Reel | E39: Check out our latest reel on youtube! | F39: 3138 | G39: 123 | H39: 291 | I39: 28242 | J39: 27550 | K39: 87 | L39: #TeslaCoInnovation | M39: SustainabilityDrive
A40: P039 | B40: Facebook | C40: 2024-11-25 | D40: Image | E40: Check out our latest image on facebook! | F40: 3564 | G40: 629 | H40: 177 | I40: 60588 | J40: 59627 | K40: 92 | L40: #TeslaCoInnovation
A41: P040 | B41: Twitter | C41: 2025-03-07 | D41: Image | E41: Check out our latest image on twitter! | F41: 4750 | G41: 151 | H41: 415 | I41: 38000 | J41: 37792 | K41: 299 | L41: #EVRevolution | M41: SustainabilityDrive
A42: P041 | B42: Instagram | C42: 2025-03-08 | D42: Reel | E42: Check out our latest reel on instagram! | F42: 456 | G42: 629 | H42: 428 | I42: 8208 | J42: 7377 | K42: 205 | L42: #FutureOfDriving | M42: SustainabilityDrive
A43: P042 | B43: YouTube | C43: 2025-03-05 | D43: Reel | E43: Check out our latest reel on youtube! | F43: 1543 | G43: 820 | H43: 333 | I43: 12344 | J43: 11496 | K43: 241 | L43: #EVRevolution
A44: P043 | B44: Instagram | C44: 2024-12-14 | D44: Carousel | E44: Check out our latest carousel on instagram! | F44: 2174 | G44: 658 | H44: 15 | I44: 13044 | J44: 12206 | K44: 137 | L44: #TeslaCoInnovation | M44: FSDUpdate
A45: P044 | B45: Twitter | C45: 2025-03-02 | D45: Image | E45: Check out our latest image on twitter! | F45: 2358 | G45: 784 | H45: 344 | I45: 35370 | J45: 34475 | K45: 216 | L45: #TeslaCoInnovation
A46: P045 | B46: Facebook | C46: 2024-11-01 | D46: Video | E46: Check out our latest video on facebook! | F46: 3371 | G46: 106 | H46: 327 | I46: 50565 | J46: 49816 | K46: 176 | L46: #FutureOfDriving | M46: CybertruckLaunch
A47: P046 | B47: Twitter | C47: 2025-05-02 | D47: Video | E47: Check out our latest video on twitter! | F47: 1108 | G47: 177 | H47: 212 | I47: 8864 | J47: 8710 | K47: 97 | L47: #TeslaCoInnovation | M47: SustainabilityDrive
A48: P047 | B48: Twitter | C48: 2025-02-24 | D48: Carousel | E48: Check out our latest carousel on twitter! | F48: 2704 | G48: 752 | H48: 153 | I48: 21632 | J48: 20792 | K48: 127 | L48: #FutureOfDriving
A49: P048 | B49: Twitter | C49: 2025-03-11 | D49: Story | E49: Check out our latest story on twitter! | F49: 1950 | G49: 295 | H49: 478 | I49: 37050 | J49: 36272 | K49: 119 | L49: #TeslaCoInnovation
A50: P049 | B50: Twitter | C50: 2024-06-10 | D50: Story | E50: Check out our latest story on twitter! | F50: 2164 | G50: 549 | H50: 274 | I50: 28132 | J50: 27361 | K50: 177 | L50: #TeslaCoInnovation | M50: SustainabilityDrive
A51: P050 | B51: YouTube | C51: 2024-07-03 | D51: Story | E51: Check out our latest story on youtube! | F51: 2754 | G51: 130 | H51: 90 | I51: 22032 | J51: 21288 | K51: 112 | L51: #TeslaCoInnovation | M51: FSDUpdate
A52: P051 | B52: Facebook | C52: 2024-06-13 | D52: Carousel | E52: Check out our latest carousel on facebook! | F52: 2200 | G52: 504 | H52: 239 | I52: 37400 | J52: 36938 | K52: 225 | L52: #FutureOfDriving | M52: ModelYCampaign
A53: P052 | B53: Facebook | C53: 2025-01-03 | D53: Image | E53: Check out our latest image on facebook! | F53: 947 | G53: 338 | H53: 350 | I53: 10417 | J53: 9730 | K53: 34 | L53: #TeslaCoInnovation | M53: SustainabilityDrive
A54: P053 | B54: YouTube | C54: 2025-02-24 | D54: Carousel | E54: Check out our latest carousel on youtube! | F54: 804 | G54: 639 | H54: 43 | I54: 4020 | J54: 3144 | K54: 11 | L54: #EVRevolution,#BetterWithTesla
A55: P054 | B55: YouTube | C55: 2025-03-13 | D55: Carousel | E55: Check out our latest carousel on youtube! | F55: 1686 | G55: 904 | H55: 472 | I55: 18546 | J55: 18171 | K55: 52 | L55: #FutureOfDriving | M55: ModelYCampaign
A56: P055 | B56: Facebook | C56: 2024-06-17 | D56: Image | E56: Check out our latest image on facebook! | F56: 1226 | G56: 119 | H56: 7 | I56: 14712 | J56: 14049 | K56: 123 | L56: #EVRevolution | M56: SustainabilityDrive
A57: P056 | B57: Facebook | C57: 2024-12-18 | D57: Carousel | E57: Check out our latest carousel on facebook! | F57: 2946 | G57: 498 | H57: 367 | I57: 29460 | J57: 28527 | K57: 60 | L57: #FutureOfDriving | M57: FSDUpdate
A58: P057 | B58: Twitter | C58: 2024-10-21 | D58: Video | E58: Check out our latest video on twitter! | F58: 2825 | G58: 535 | H58: 295 | I58: 45200 | J58: 44739 | K58: 169 | L58: #TeslaCoInnovation | M58: CybertruckLaunch
A59: P058 | B59: Instagram | C59: 2025-04-15 | D59: Reel | E59: Check out our latest reel on instagram! | F59: 103 | G59: 770 | H59: 19 | I59: 1030 | J59: 410 | K59: 262 | L59: #TeslaCoInnovation | M59: SustainabilityDrive
A60: P059 | B60: Instagram | C60: 2024-06-22 | D60: Text | E60: Check out our latest text on instagram! | F60: 2180 | G60: 263 | H60: 387 | I60: 30520 | J60: 30059 | K60: 174 | L60: #EVRevolution
A61: P060 | B61: Instagram | C61: 2025-01-28 | D61: Video | E61: Check out our latest video on instagram! | F61: 904 | G61: 973 | H61: 63 | I61: 11752 | J61: 11580 | K61: 84 | L61: #EVRevolution,#TeslaCoInnovation,#AnytimeIsTeslaTime | M61: FSDUpdate
A62: P061 | B62: Twitter | C62: 2024-09-05 | D62: Video | E62: Check out our latest video on twitter! | F62: 4886 | G62: 983 | H62: 409 | I62: 43974 | J62: 43239 | K62: 65 | L62: #TeslaCoInnovation | M62: CybertruckLaunch
A63: P062 | B63: Twitter | C63: 2024-11-22 | D63: Carousel | E63: Check out our latest carousel on twitter! | F63: 53 | G63: 81 | H63: 379 | I63: 954 | J63: 7 | K63: 148 | L63: #TeslaCoInnovation | M63: FSDUpdate
A64: P063 | B64: Twitter | C64: 2024-07-31 | D64: Carousel | E64: Check out our latest carousel on twitter! | F64: 4507 | G64: 217 | H64: 13 | I64: 90140 | J64: 89591 | K64: 125 | L64: #FutureOfDriving | M64: FSDUpdate
A65: P064 | B65: Facebook | C65: 2024-08-17 | D65: Image | E65: Check out our latest image on facebook! | F65: 2878 | G65: 248 | H65: 416 | I65: 43170 | J65: 42667 | K65: 75 | L65: #FutureOfDriving | M65: FSDUpdate
A66: P065 | B66: Instagram | C66: 2025-03-28 | D66: Story | E66: Check out our latest story on instagram! | F66: 1881 | G66: 501 | H66: 99 | I66: 20691 | J66: 19987 | K66: 289 | L66: #EVRevolution
A67: P066 | B67: Twitter | C67: 2024-07-26 | D67: Carousel | E67: Check out our latest carousel on twitter! | F67: 432 | G67: 171 | H67: 280 | I67: 3024 | J67: 2285 | K67: 184 | L67: #EVRevolution | M67: CybertruckLaunch
A68: P067 | B68: Facebook | C68: 2025-03-29 | D68: Carousel | E68: Check out our latest carousel on facebook! | F68: 4712 | G68: 568 | H68: 127 | I68: 84816 | J68: 84691 | K68: 100 | L68: #EVRevolution | M68: FSDUpdate
A69: P068 | B69: Instagram | C69: 2024-12-08 | D69: Story | E69: Check out our latest story on instagram! | F69: 2610 | G69: 126 | H69: 288 | I69: 15660 | J69: 15145 | K69: 73 | L69: #EVRevolution
A70: P069 | B70: Twitter | C70: 2025-03-08 | D70: Text | E70: Check out our latest text on twitter! | F70: 1292 | G70: 626 | H70: 496 | I70: 25840 | J70: 24916 | K70: 149 | L70: #FutureOfDriving | M70: FSDUpdate
A71: P070 | B71: Facebook | C71: 2025-04-02 | D71: Video | E71: Check out our latest video on facebook! | F71: 199 | G71: 772 | H71: 400 | I71: 3582 | J71: 2988 | K71: 43 | L71: #TeslaCoInnovation
A72: P071 | B72: YouTube | C72: 2024-09-02 | D72: Carousel | E72: Check out our latest carousel on youtube! | F72: 2551 | G72: 915 | H72: 205 | I72: 30612 | J72: 30360 | K72: 227 | L72: #TeslaCoInnovation | M72: ModelYCampaign
A73: P072 | B73: YouTube | C73: 2025-03-03 | D73: Reel | E73: Check out our latest reel on youtube! | F73: 296 | G73: 60 | H73: 141 | I73: 5624 | J73: 5239 | K73: 88 | L73: #EVRevolution | M73: ModelYCampaign
A74: P073 | B74: Facebook | C74: 2024-10-18 | D74: Story | E74: Check out our latest story on facebook! | F74: 4126 | G74: 426 | H74: 486 | I74: 78394 | J74: 77798 | K74: 88 | L74: #FutureOfDriving | M74: SustainabilityDrive
A75: P074 | B75: YouTube | C75: 2024-10-28 | D75: Reel | E75: Check out our latest reel on youtube! | F75: 1855 | G75: 200 | H75: 174 | I75: 16695 | J75: 16330 | K75: 123 | L75: #TeslaCoInnovation | M75: FSDUpdate
A76: P075 | B76: Instagram | C76: 2024-08-01 | D76: Reel | E76: Check out our latest reel on instagram! | F76: 1674 | G76: 929 | H76: 37 | I76: 21762 | J76: 20998 | K76: 255 | L76: #TeslaCoInnovation | M76: SustainabilityDrive
A77: P076 | B77: Twitter | C77: 2024-11-07 | D77: Story | E77: Check out our latest story on twitter! | F77: 1121 | G77: 135 | H77: 18 | I77: 15694 | J77: 14957 | K77: 99 | L77: #TeslaCoInnovation | M77: SustainabilityDrive
A78: P077 | B78: Facebook | C78: 2025-03-04 | D78: Story | E78: Check out our latest story on facebook! | F78: 1249 | G78: 116 | H78: 420 | I78: 8743 | J78: 8538 | K78: 63 | L78: #TeslaCoInnovation
A79: P078 | B79: Twitter | C79: 2024-06-17 | D79: Image | E79: Check out our latest image on twitter! | F79: 954 | G79: 324 | H79: 288 | I79: 19080 | J79: 18859 | K79: 21 | L79: #FutureOfDriving | M79: SustainabilityDrive
A80: P079 | B80: Instagram | C80: 2024-10-09 | D80: Carousel | E80: Check out our latest carousel on instagram! | F80: 3068 | G80: 137 | H80: 329 | I80: 39884 | J80: 39404 | K80: 266 | L80: #EVRevolution | M80: ModelYCampaign
A81: P080 | B81: Instagram | C81: 2024-06-13 | D81: Story | E81: Check out our latest story on instagram! | F81: 2103 | G81: 892 | H81: 103 | I81: 39957 | J81: 39466 | K81: 28 | L81: #FutureOfDriving
A82: P081 | B82: Instagram | C82: 2024-10-19 | D82: Story | E82: Check out our latest story on instagram! | F82: 1816 | G82: 29 | H82: 41 | I82: 19976 | J82: 19262 | K82: 283 | L82: #TeslaCoInnovation | M82: FSDUpdate
A83: P082 | B83: Instagram | C83: 2024-07-24 | D83: Image | E83: Check out our latest image on instagram! | F83: 725 | G83: 88 | H83: 428 | I83: 14500 | J83: 13637 | K83: 200 | L83: #FutureOfDriving,#TeslaCoInnovation,#AnytimeIsTeslaTime | M83: FSDUpdate
A84: P083 | B84: YouTube | C84: 2024-10-15 | D84: Video | E84: Check out our latest video on youtube! | F84: 1094 | G84: 472 | H84: 21 | I84: 9846 | J84: 9609 | K84: 112 | L84: #EVRevolution
A85: P084 | B85: Facebook | C85: 2024-12-09 | D85: Image | E85: Check out our latest image on facebook! | F85: 1841 | G85: 851 | H85: 342 | I85: 34979 | J85: 34154 | K85: 255 | L85: #FutureOfDriving | M85: SustainabilityDrive
A86: P085 | B86: Instagram | C86: 2025-04-19 | D86: Image | E86: Check out our latest image on instagram! | F86: 4177 | G86: 569 | H86: 55 | I86: 25062 | J86: 24847 | K86: 230 | L86: #FutureOfDriving | M86: CybertruckLaunch
A87: P086 | B87: YouTube | C87: 2025-01-27 | D87: Text | E87: Check out our latest text on youtube! | F87: 3428 | G87: 305 | H87: 85 | I87: 58276 | J87: 58052 | K87: 242 | L87: #EVRevolution,#BetterWithTesla | M87: SustainabilityDrive
A88: P087 | B88: Twitter | C88: 2024-06-06 | D88: Video | E88: Check out our latest video on twitter! | F88: 1436 | G88: 765 | H88: 496 | I88: 12924 | J88: 12701 | K88: 197 | L88: #FutureOfDriving | M88: FSDUpdate
A89: P088 | B89: Facebook | C89: 2024-07-07 | D89: Story | E89: Check out our latest story on facebook! | F89: 302 | G89: 47 | H89: 430 | I89: 5738 | J89: 4890 | K89: 25 | L89: #TeslaCoInnovation | M89: SustainabilityDrive
A90: P089 | B90: Twitter | C90: 2025-01-10 | D90: Image | E90: Check out our latest image on twitter! | F90: 2214 | G90: 249 | H90: 152 | I90: 15498 | J90: 14800 | K90: 180 | L90: #EVRevolution
A91: P090 | B91: Instagram | C91: 2024-06-03 | D91: Image | E91: Check out our latest image on instagram! | F91: 3861 | G91: 960 | H91: 101 | I91: 69498 | J91: 68817 | K91: 297 | L91: #TeslaCoInnovation | M91: SustainabilityDrive
A92: P091 | B92: Facebook | C92: 2025-03-24 | D92: Image | E92: Check out our latest image on facebook! | F92: 1263 | G92: 397 | H92: 357 | I92: 25260 | J92: 24615 | K92: 137 | L92: #EVRevolution | M92: SustainabilityDrive
A93: P092 | B93: Twitter | C93: 2024-10-21 | D93: Story | E93: Check out our latest story on twitter! | F93: 3801 | G93: 967 | H93: 401 | I93: 38010 | J93: 37625 | K93: 236 | L93: #FutureOfDriving | M93: FSDUpdate
A94: P093 | B94: Instagram | C94: 2024-12-11 | D94: Video | E94: Check out our latest video on instagram! | F94: 1431 | G94: 951 | H94: 26 | I94: 8586 | J94: 8396 | K94: 150 | L94: #EVRevolution | M94: FSDUpdate
A95: P094 | B95: Instagram | C95: 2024-11-07 | D95: Image | E95: Check out our latest image on instagram! | F95: 2647 | G95: 304 | H95: 170 | I95: 18529 | J95: 17841 | K95: 46 | L95: #FutureOfDriving | M95: FSDUpdate
A96: P095 | B96: Instagram | C96: 2024-11-08 | D96: Text | E96: Check out our latest text on instagram! | F96: 3182 | G96: 559 | H96: 160 | I96: 57276 | J96: 56890 | K96: 163 | L96: #FutureOfDriving | M96: SustainabilityDrive
A97: P096 | B97: Twitter | C97: 2024-09-10 | D97: Image | E97: Check out our latest image on twitter! | F97: 1238 | G97: 366 | H97: 444 | I97: 19808 | J97: 19334 | K97: 123 | L97: #FutureOfDriving
A98: P097 | B98: Instagram | C98: 2024-08-13 | D98: Image | E98: Check out our latest image on instagram! | F98: 4739 | G98: 527 | H98: 135 | I98: 61607 | J98: 61333 | K98: 36 | L98: #TeslaCoInnovation,#AnytimeIsTeslaTime | M98: ModelYCampaign
A99: P098 | B99: Twitter | C99: 2024-06-10 | D99: Story | E99: Check out our latest story on twitter! | F99: 1575 | G99: 771 | H99: 486 | I99: 25200 | J99: 24826 | K99: 17 | L99: #FutureOfDriving | M99: SustainabilityDrive
A100: P099 | B100: YouTube | C100: 2024-07-02 | D100: Carousel | E100: Check out our latest carousel on youtube! | F100: 4171 | G100: 548 | H100: 86 | I100: 66736 | J100: 66634 | K100: 173 | L100: #FutureOfDriving | M100: FSDUpdate
...

Sheet Engagement Summary
A1: Week_Start_Date | B1: Platform | C1: New_Followers | D1: Unfollows | E1: Total_Followers | F1: Engagement_Rate | G1: Ad_Spend
A2: 2024-06-03 | B2: Instagram | C2: 1135 | D2: 88 | E2: 344084 | F2: 8.06 | G2: 5904
A3: 2024-06-03 | B3: Facebook | C3: 1312 | D3: 310 | E3: 42654 | F3: 4.98 | G3: 9566
A4: 2024-06-03 | B4: Twitter | C4: 584 | D4: 169 | E4: 146834 | F4: 8.31 | G4: 26752
A5: 2024-06-03 | B5: YouTube | C5: 1535 | D5: 445 | E5: 395536 | F5: 4.11 | G5: 30671
A6: 2024-06-10 | B6: Instagram | C6: 656 | D6: 139 | E6: 49157 | F6: 9.05 | G6: 9920
A7: 2024-06-10 | B7: Facebook | C7: 1697 | D7: 414 | E7: 316555 | F7: 2.37 | G7: 7924
A8: 2024-06-10 | B8: Twitter | C8: 436 | D8: 250 | E8: 254347 | F8: 4.01 | G8: 8912
A9: 2024-06-10 | B9: YouTube | C9: 1197 | D9: 203 | E9: 413878 | F9: 3.16 | G9: 21205
A10: 2024-06-17 | B10: Instagram | C10: 1048 | D10: 155 | E10: 456946 | F10: 2.46 | G10: 11329
A11: 2024-06-17 | B11: Facebook | C11: 1753 | D11: 371 | E11: 169496 | F11: 8.11 | G11: 46670
A12: 2024-06-17 | B12: Twitter | C12: 1335 | D12: 40 | E12: 122732 | F12: 8.19 | G12: 22482
A13: 2024-06-17 | B13: YouTube | C13: 403 | D13: 66 | E13: 382851 | F13: 3.49 | G13: 24313
... A201: 2025-05-12 | B201: YouTube | C201: 119 | D201: 456 | E201: 82558 | F201: 6.81 | G201: 12174

Sheet Campaign Metadata
A1: Campaign_Name | B1: Start_Date | C1: End_Date | D1: Objective | E1: Total_Budget | F1: Target_Platforms | G1: Primary_Hashtags
A2: CybertruckLaunch | B2: 2024-06-15 | C2: 2024-07-15 | D2: Product Awareness | E2: 150000 | F2: Instagram,Facebook | G2: #EVRevolution,#TeslaCoInnovation
A3: ModelYCampaign | B3: 2024-10-01 | C3: 2024-10-31 | D3: Customer Engagement | E3: 200000 | F3: Instagram,YouTube | G3: #AnytimeIsTeslaTime,
A4: FSDUpdate | B4: 2024-12-25 | C4: 2025-01-10 | D4: Vehicle Launch | E4: 250000 | F4: Facebook,Twitter | G4: #SmoothLikeNitroTesla
A5: SustainabilityDrive | B5: 2025-03-01 | C5: 2025-03-31 | D5: Community Growth | E5: 180000 | F5: Instagram,Twitter | G5: #BetterWithTesla,#FutureOfDriving

Sheet TASK 1
A1: Post ID | B1: Platform | C1: Date | D1: Content Type | E1: Post Text | F1: Likes | G1: Shares | H1: Comments | I1: Impressions | J1: Reach | K1: Clicks | L1: Hashtags | M1: Campaign_Name | N1: Column1
A2: P001 | B2: Twitter | C2: 45649 | D2: Reel | E2: Check out our latest reel on twitter! | F2: 1461 | G2: 184 | H2: 344 | I2: 21915 | J2: 21675 | K2: 15 | L2: #FutureOfDriving | M2: CybertruckLaunch
A3: P001 | B3: Twitter | C3: 45649 | D3: Reel | E3: Check out our latest reel on twitter! | F3: 1461 | G3: 184 | H3: 344 | I3: 21915 | J3: 21675 | K3: 15 | L3: #AnytimeIsTeslaTime | M3: CybertruckLaunch
A4: P002 | B4: Twitter | C4: 45750 | D4: Text | E4: Check out our latest text on twitter! | F4: 4054 | G4: 389 | H4: 493 | I4: 64864 | J4: 64383 | K4: 117 | L4: #TeslaCoInnovation | M4: ModelYCampaign
A5: P002 | B5: Twitter | C5: 45750 | D5: Text | E5: Check out our latest text on twitter! | F5: 4054 | G5: 389 | H5: 493 | I5: 64864 | J5: 64383 | K5: 117 | L5: #BetterWithTesla | M5: ModelYCampaign
A6: P003 | B6: YouTube | C6: 45789 | D6: Reel | E6: Check out our latest reel on youtube! | F6: 2795 | G6: 105 | H6: 49 | I6: 53105 | J6: 52307 | K6: 204 | L6: #TeslaCoInnovation | M6: FSDUpdate
A7: P004 | B7: Instagram | C7: 45516 | D7: Story | E7: Check out our latest story on instagram! | F7: 2404 | G7: 363 | H7: 138 | I7: 19232 | J7: 18636 | K7: 128 | L7: #EVRevolution | M7: SustainabilityDrive
A8: P005 | B8: YouTube | C8: 45469 | D8: Reel | E8: Check out our latest reel on youtube! | F8: 3557 | G8: 687 | H8: 424 | I8: 71140 | J8: 70701 | K8: 224 | L8: #EVRevolution | M8: CybertruckLaunch
A9: P005 | B9: YouTube | C9: 45469 | D9: Reel | E9: Check out our latest reel on youtube! | F9: 3557 | G9: 687 | H9: 424 | I9: 71140 | J9: 70701 | K9: 224 | L9: #TeslaCoInnovation | M9: CybertruckLaunch
A10: P006 | B10: Facebook | C10: 45596 | D10: Carousel | E10: Check out our latest carousel on facebook! | F10: 2945 | G10: 930 | H10: 355 | I10: 23560 | J10: 23275 | K10: 256 | L10: #TeslaCoInnovation | M10: ModelYCampaign
A11: P007 | B11: Twitter | C11: 45467 | D11: Carousel | E11: Check out our latest carousel on twitter! | F11: 3860 | G11: 201 | H11: 279 | I11: 61760 | J11: 61660 | K11: 235 | L11: #TeslaCoInnovation | M11: ModelYCampaign
A12: P008 | B12: YouTube | C12: 45486 | D12: Image | E12: Check out our latest image on youtube! | F12: 3929 | G12: 262 | H12: 278 | I12: 43219 | J12: 42841 | K12: 39 | L12: #EVRevolution | M12: SustainabilityDrive
A13: P009 | B13: Facebook | C13: 45534 | D13: Text | E13: Check out our latest text on facebook! | F13: 3784 | G13: 808 | H13: 404 | I13: 56760 | J13: 56343 | K13: 131 | L13: #TeslaCoInnovation | M13: ModelYCampaign
... A17: P013 | B17: YouTube | C17: 45614 | D17: Carousel | E17: Check out our latest carousel on youtube! | F17: 1171 | G17: 286 | H17: 231 | I17: 22249 | J17: 21282 | K17: 114 | L17: #EVRevolution | M17: CybertruckLaunch
A18: P014 | B18: Facebook | C18: 45704 | D18: Story | E18: Check out our latest story on facebook! | F18: 4242 | G18: 555 | H18: 131 | I18: 33936 | J18: 33802 | K18: 265 | L18: #FutureOfDriving
A19: P015 | B19: Facebook | C19: 45589 | D19: Video | E19: Check out our latest video on facebook! | F19: 3888 | G19: 604 | H19: 128 | I19: 77760 | J19: 77167 | K19: 20 | L19: #FutureOfDriving | M19: CybertruckLaunch
A20: P016 | B20: Facebook | C20: 45530 | D20: Text | E20: Check out our latest text on facebook! | F20: 3452 | G20: 377 | H20: 360 | I20: 55232 | J20: 55075 | K20: 87 | L20: #FutureOfDriving | M20: FSDUpdate
A21: P017 | B21: Facebook | C21: 45782 | D21: Text | E21: Check out our latest text on facebook! | F21: 4441 | G21: 511 | H21: 70 | I21: 53292 | J21: 53082 | K21: 159 | L21: #EVRevolution | M21: SustainabilityDrive
A22: P018 | B22: Instagram | C22: 45523 | D22: Reel | E22: Check out our latest reel on instagram! | F22: 3000 | G22: 382 | H22: 325 | I22: 36000 | J22: 35819 | K22: 19 | L22: #FutureOfDriving | M22: CybertruckLaunch
A23: P019 | B23: Instagram | C23: 45466 | D23: Video | E23: Check out our latest video on instagram! | F23: 1071 | G23: 519 | H23: 22 | I23: 16065 | J23: 15865 | K23: 103 | L23: #TeslaCoInnovation | M23: SustainabilityDrive
A24: P020 | B24: Instagram | C24: 45544 | D24: Carousel | E24: Check out our latest carousel on instagram! | F24: 4054 | G24: 488 | H24: 373 | I24: 77026 | J24: 76881 | K24: 25 | L24: #TeslaCoInnovation | M24: CybertruckLaunch
A25: P021 | B25: Instagram | C25: 45661 | D25: Reel | E25: Check out our latest reel on instagram! | F25: 4838 | G25: 640 | H25: 128 | I25: 72570 | J25: 72396 | K25: 83 | L25: #FutureOfDriving | M25: SustainabilityDrive
A26: P022 | B26: Facebook | C26: 45715 | D26: Text | E26: Check out our latest text on facebook! | F26: 1570 | G26: 187 | H26: 260 | I26: 25120 | J26: 24613 | K26: 133 | L26: #TeslaCoInnovation | M26: SustainabilityDrive
A27: P023 | B27: Facebook | C27: 45602 | D27: Video | E27: Check out our latest video on facebook! | F27: 1606 | G27: 547 | H27: 316 | I27: 32120 | J27: 31736 | K27: 225 | L27: #TeslaCoInnovation | M27: ModelYCampaign
A28: P023 | B28: Facebook | C28: 45602 | D28: Video | E28: Check out our latest video on facebook! | F28: 1606 | G28: 547 | H28: 316 | I28: 32120 | J28: 31736 | K28: 225 | L28: #AnytimeIsTeslaTime | M28: ModelYCampaign
A29: P024 | B29: Facebook | C29: 45680 | D29: Video | E29: Check out our latest video on facebook! | F29: 3961 | G29: 761 | H29: 131 | I29: 67337 | J29: 66615 | K29: 161 | L29: #FutureOfDriving | M29: FSDUpdate
A30: P025 | B30: Twitter | C30: 45757 | D30: Carousel | E30: Check out our latest carousel on twitter! | F30: 3128 | G30: 211 | H30: 197 | I30: 59432 | J30: 59182 | K30: 238 | L30: #EVRevolution
A31: P026 | B31: YouTube | C31: 45752 | D31: Reel | E31: Check out our latest reel on youtube! | F31: 3009 | G31: 413 | H31: 358 | I31: 42126 | J31: 41309 | K31: 211 | L31: #FutureOfDriving | M31: ModelYCampaign
A32: P027 | B32: YouTube | C32: 45552 | D32: Text | E32: Check out our latest text on youtube! | F32: 2076 | G32: 195 | H32: 104 | I32: 33216 | J32: 32244 | K32: 51 | L32: #FutureOfDriving | M32: SustainabilityDrive
A33: P028 | B33: Instagram | C33: 45720 | D33: Video | E33: Check out our latest video on instagram! | F33: 432 | G33: 624 | H33: 123 | I33: 6912 | J33: 6259 | K33: 79 | L33: #FutureOfDriving | M33: SustainabilityDrive
A34: P029 | B34: Instagram | C34: 45688 | D34: Carousel | E34: Check out our latest carousel on instagram! | F34: 2566 | G34: 118 | H34: 37 | I34: 12830 | J34: 12264 | K34: 221 | L34: #FutureOfDriving | M34: FSDUpdate
A35: P030 | B35: Instagram | C35: 45713 | D35: Video | E35: Check out our latest video on instagram! | F35: 3095 | G35: 39 | H35: 78 | I35: 55710 | J35: 54808 | K35: 93 | L35: #EVRevolution
A36: P031 | B36: Instagram | C36: 45642 | D36: Text | E36: Check out our latest text on instagram! | F36: 438 | G36: 153 | H36: 275 | I36: 3066 | J36: 2701 | K36: 282 | L36: #TeslaCoInnovation | M36: ModelYCampaign
A37: P032 | B37: Twitter | C37: 45504 | D37: Carousel | E37: Check out our latest carousel on twitter! | F37: 2278 | G37: 10 | H37: 321 | I37: 13668 | J37: 12676 | K37: 275 | L37: #EVRevolution | M37: CybertruckLaunch
A38: P033 | B38: Facebook | C38: 45525 | D38: Image | E38: Check out our latest image on facebook! | F38: 1407 | G38: 400 | H38: 351 | I38: 16884 | J38: 15954 | K38: 113 | L38: #TeslaCoInnovation | M38: CybertruckLaunch
A39: P034 | B39: Facebook | C39: 45742 | D39: Text | E39: Check out our latest text on facebook! | F39: 1652 | G39: 89 | H39: 357 | I39: 29736 | J39: 28771 | K39: 215 | L39: #TeslaCoInnovation | M39: FSDUpdate
A40: P035 | B40: Instagram | C40: 45626 | D40: Video | E40: Check out our latest video on instagram! | F40: 3775 | G40: 16 | H40: 239 | I40: 33975 | J40: 33310 | K40: 271 | L40: #FutureOfDriving | M40: ModelYCampaign
A41: P036 | B41: Instagram | C41: 45766 | D41: Story | E41: Check out our latest story on instagram! | F41: 4518 | G41: 285 | H41: 383 | I41: 67770 | J41: 67621 | K41: 31 | L41: #EVRevolution | M41: ModelYCampaign
A42: P037 | B42: Facebook | C42: 45663 | D42: Carousel | E42: Check out our latest carousel on facebook! | F42: 3024 | G42: 925 | H42: 350 | I42: 24192 | J42: 23518 | K42: 36 | L42: #EVRevolution | M42: ModelYCampaign
A43: P038 | B43: YouTube | C43: 45705 | D43: Reel | E43: Check out our latest reel on youtube! | F43: 3138 | G43: 123 | H43: 291 | I43: 28242 | J43: 27550 | K43: 87 | L43: #TeslaCoInnovation | M43: SustainabilityDrive
A44: P039 | B44: Facebook | C44: 45621 | D44: Image | E44: Check out our latest image on facebook! | F44: 3564 | G44: 629 | H44: 177 | I44: 60588 | J44: 59627 | K44: 92 | L44: #TeslaCoInnovation
A45: P040 | B45: Twitter | C45: 45723 | D45: Image | E45: Check out our latest image on twitter! | F45: 4750 | G45: 151 | H45: 415 | I45: 38000 | J45: 37792 | K45: 299 | L45: #EVRevolution | M45: SustainabilityDrive
A46: P041 | B46: Instagram | C46: 45724 | D46: Reel | E46: Check out our latest reel on instagram! | F46: 456 | G46: 629 | H46: 428 | I46: 8208 | J46: 7377 | K46: 205 | L46: #FutureOfDriving | M46: SustainabilityDrive
A47: P042 | B47: YouTube | C47: 45721 | D47: Reel | E47: Check out our latest reel on youtube! | F47: 1543 | G47: 820 | H47: 333 | I47: 12344 | J47: 11496 | K47: 241 | L47: #EVRevolution
A48: P043 | B48: Instagram | C48: 45640 | D48: Carousel | E48: Check out our latest carousel on instagram! | F48: 2174 | G48: 658 | H48: 15 | I48: 13044 | J48: 12206 | K48: 137 | L48: #TeslaCoInnovation | M48: FSDUpdate
A49: P044 | B49: Twitter | C49: 45718 | D49: Image | E49: Check out our latest image on twitter! | F49: 2358 | G49: 784 | H49: 344 | I49: 35370 | J49: 34475 | K49: 216 | L49: #TeslaCoInnovation
A50: P045 | B50: Facebook | C50: 45597 | D50: Video | E50: Check out our latest video on facebook! | F50: 3371 | G50: 106 | H50: 327 | I50: 50565 | J50: 49816 | K50: 176 | L50: #FutureOfDriving | M50: CybertruckLaunch
A51: P046 | B51: Twitter | C51: 45779 | D51: Video | E51: Check out our latest video on twitter! | F51: 1108 | G51: 177 | H51: 212 | I51: 8864 | J51: 8710 | K51: 97 | L51: #TeslaCoInnovation | M51: SustainabilityDrive
A52: P047 | B52: Twitter | C52: 45712 | D52: Carousel | E52: Check out our latest carousel on twitter! | F52: 2704 | G52: 752 | H52: 153 | I52: 21632 | J52: 20792 | K52: 127 | L52: #FutureOfDriving
A53: P048 | B53: Twitter | C53: 45727 | D53: Story | E53: Check out our latest story on twitter! | F53: 1950 | G53: 295 | H53: 478 | I53: 37050 | J53: 36272 | K53: 119 | L53: #TeslaCoInnovation
A54: P049 | B54: Twitter | C54: 45453 | D54: Story | E54: Check out our latest story on twitter! | F54: 2164 | G54: 549 | H54: 274 | I54: 28132 | J54: 27361 | K54: 177 | L54: #TeslaCoInnovation | M54: SustainabilityDrive
A55: P050 | B55: YouTube | C55: 45476 | D55: Story | E55: Check out our latest story on youtube! | F55: 2754 | G55: 130 | H55: 90 | I55: 22032 | J55: 21288 | K55: 112 | L55: #TeslaCoInnovation | M55: FSDUpdate
A56: P051 | B56: Facebook | C56: 45456 | D56: Carousel | E56: Check out our latest carousel on facebook! | F56: 2200 | G56: 504 | H56: 239 | I56: 37400 | J56: 36938 | K56: 225 | L56: #FutureOfDriving | M56: ModelYCampaign
A57: P052 | B57: Facebook | C57: 45660 | D57: Image | E57: Check out our latest image on facebook! | F57: 947 | G57: 338 | H57: 350 | I57: 10417 | J57: 9730 | K57: 34 | L57: #TeslaCoInnovation | M57: SustainabilityDrive
A58: P053 | B58: YouTube | C58: 45712 | D58: Carousel | E58: Check out our latest carousel on youtube! | F58: 804 | G58: 639 | H58: 43 | I58: 4020 | J58: 3144 | K58: 11 | L58: #EVRevolution
A59: P053 | B59: YouTube | C59: 45712 | D59: Carousel | E59: Check out our latest carousel on youtube! | F59: 804 | G59: 639 | H59: 43 | I59: 4020 | J59: 3144 | K59: 11 | L59: #BetterWithTesla
A60: P054 | B60: YouTube | C60: 45729 | D60: Carousel | E60: Check out our latest carousel on youtube! | F60: 1686 | G60: 904 | H60: 472 | I60: 18546 | J60: 18171 | K60: 52 | L60: #FutureOfDriving | M60: ModelYCampaign
A61: P055 | B61: Facebook | C61: 45460 | D61: Image | E61: Check out our latest image on facebook! | F61: 1226 | G61: 119 | H61: 7 | I61: 14712 | J61: 14049 | K61: 123 | L61: #EVRevolution | M61: SustainabilityDrive
A62: P056 | B62: Facebook | C62: 45644 | D62: Carousel | E62: Check out our latest carousel on facebook! | F62: 2946 | G62: 498 | H62: 367 | I62: 29460 | J62: 28527 | K62: 60 | L62: #FutureOfDriving | M62: FSDUpdate
A63: P057 | B63: Twitter | C63: 45586 | D63: Video | E63: Check out our latest video on twitter! | F63: 2825 | G63: 535 | H63: 295 | I63: 45200 | J63: 44739 | K63: 169 | L63: #TeslaCoInnovation | M63: CybertruckLaunch
A64: P058 | B64: Instagram | C64: 45762 | D64: Reel | E64: Check out our latest reel on instagram! | F64: 103 | G64: 770 | H64: 19 | I64: 1030 | J64: 410 | K64: 262 | L64: #TeslaCoInnovation | M64: SustainabilityDrive
A65: P059 | B65: Instagram | C65: 45465 | D65: Text | E65: Check out our latest text on instagram! | F65: 2180 | G65: 263 | H65: 387 | I65: 30520 | J65: 30059 | K65: 174 | L65: #EVRevolution
A66: P060 | B66: Instagram | C66: 45685 | D66: Video | E66: Check out our latest video on instagram! | F66: 904 | G66: 973 | H66: 63 | I66: 11752 | J66: 11580 | K66: 84 | L66: #EVRevolution | M66: FSDUpdate
A67: P060 | B67: Instagram | C67: 45685 | D67: Video | E67: Check out our latest video on instagram! | F67: 904 | G67: 973 | H67: 63 | I67: 11752 | J67: 11580 | K67: 84 | L67: #TeslaCoInnovation | M67: FSDUpdate
A68: P060 | B68: Instagram | C68: 45685 | D68: Video | E68: Check out our latest video on instagram! | F68: 904 | G68: 973 | H68: 63 | I68: 11752 | J68: 11580 | K68: 84 | L68: #AnytimeIsTeslaTime | M68: FSDUpdate
A69: P061 | B69: Twitter | C69: 45540 | D69: Video | E69: Check out our latest video on twitter! | F69: 4886 | G69: 983 | H69: 409 | I69: 43974 | J69: 43239 | K69: 65 | L69: #TeslaCoInnovation | M69: CybertruckLaunch
A70: P062 | B70: Twitter | C70: 45618 | D70: Carousel | E70: Check out our latest carousel on twitter! | F70: 53 | G70: 81 | H70: 379 | I70: 954 | J70: 7 | K70: 148 | L70: #TeslaCoInnovation | M70: FSDUpdate
A71: P063 | B71: Twitter | C71: 45504 | D71: Carousel | E71: Check out our latest carousel on twitter! | F71: 4507 | G71: 217 | H71: 13 | I71: 90140 | J71: 89591 | K71: 125 | L71: #FutureOfDriving | M71: FSDUpdate
A72: P064 | B72: Facebook | C72: 45521 | D72: Image | E72: Check out our latest image on facebook! | F72: 2878 | G72: 248 | H72: 416 | I72: 43170 | J72: 42667 | K72: 75 | L72: #FutureOfDriving | M72: FSDUpdate
A73: P065 | B73: Instagram | C73: 45744 | D73: Story | E73: Check out our latest story on instagram! | F73: 1881 | G73: 501 | H73: 99 | I73: 20691 | J73: 19987 | K73: 289 | L73: #EVRevolution
A74: P066 | B74: Twitter | C74: 45499 | D74: Carousel | E74: Check out our latest carousel on twitter! | F74: 432 | G74: 171 | H74: 280 | I74: 3024 | J74: 2285 | K74: 184 | L74: #EVRevolution | M74: CybertruckLaunch
A75: P067 | B75: Facebook | C75: 45745 | D75: Carousel | E75: Check out our latest carousel on facebook! | F75: 4712 | G75: 568 | H75: 127 | I75: 84816 | J75: 84691 | K75: 100 | L75: #EVRevolution | M75: FSDUpdate
A76: P068 | B76: Instagram | C76: 45634 | D76: Story | E76: Check out our latest story on instagram! | F76: 2610 | G76: 126 | H76: 288 | I76: 15660 | J76: 15145 | K76: 73 | L76: #EVRevolution
A77: P069 | B77: Twitter | C77: 45724 | D77: Text | E77: Check out our latest text on twitter! | F77: 1292 | G77: 626 | H77: 496 | I77: 25840 | J77: 24916 | K77: 149 | L77: #FutureOfDriving | M77: FSDUpdate
A78: P070 | B78: Facebook | C78: 45749 | D78: Video | E78: Check out our latest video on facebook! | F78: 199 | G78: 772 | H78: 400 | I78: 3582 | J78: 2988 | K78: 43 | L78: #TeslaCoInnovation
A79: P071 | B79: YouTube | C79: 45537 | D79: Carousel | E79: Check out our latest carousel on youtube! | F79: 2551 | G79: 915 | H79: 205 | I79: 30612 | J79: 30360 | K79: 227 | L79: #TeslaCoInnovation | M79: ModelYCampaign
A80: P072 | B80: YouTube | C80: 45719 | D80: Reel | E80: Check out our latest reel on youtube! | F80: 296 | G80: 60 | H80: 141 | I80: 5624 | J80: 5239 | K80: 88 | L80: #EVRevolution | M80: ModelYCampaign
A81: P073 | B81: Facebook | C81: 45583 | D81: Story | E81: Check out our latest story on facebook! | F81: 4126 | G81: 426 | H81: 486 | I81: 78394 | J81: 77798 | K81: 88 | L81: #FutureOfDriving | M81: SustainabilityDrive
A82: P074 | B82: YouTube | C82: 45593 | D82: Reel | E82: Check out our latest reel on youtube! | F82: 1855 | G82: 200 | H82: 174 | I82: 16695 | J82: 16330 | K82: 123 | L82: #TeslaCoInnovation | M82: FSDUpdate
A83: P075 | B83: Instagram | C83: 45505 | D83: Reel | E83: Check out our latest reel on instagram! | F83: 1674 | G83: 929 | H83: 37 | I83: 21762 | J83: 20998 | K83: 255 | L83: #TeslaCoInnovation | M83: SustainabilityDrive
A84: P076 | B84: Twitter | C84: 45603 | D84: Story | E84: Check out our latest story on twitter! | F84: 1121 | G84: 135 | H84: 18 | I84: 15694 | J84: 14957 | K84: 99 | L84: #TeslaCoInnovation | M84: SustainabilityDrive
A85: P077 | B85: Facebook | C85: 45720 | D85: Story | E85: Check out our latest story on facebook! | F85: 1249 | G85: 116 | H85: 420 | I85: 8743 | J85: 8538 | K85: 63 | L85: #TeslaCoInnovation
A86: P078 | B86: Twitter | C86: 45460 | D86: Image | E86: Check out our latest image on twitter! | F86: 954 | G86: 324 | H86: 288 | I86: 19080 | J86: 18859 | K86: 21 | L86: #FutureOfDriving | M86: SustainabilityDrive
A87: P079 | B87: Instagram | C87: 45574 | D87: Carousel | E87: Check out our latest carousel on instagram! | F87: 3068 | G87: 137 | H87: 329 | I87: 39884 | J87: 39404 | K87: 266 | L87: #EVRevolution | M87: ModelYCampaign
A88: P080 | B88: Instagram | C88: 45456 | D88: Story | E88: Check out our latest story on instagram! | F88: 2103 | G88: 892 | H88: 103 | I88: 39957 | J88: 39466 | K88: 28 | L88: #FutureOfDriving
A89: P081 | B89: Instagram | C89: 45584 | D89: Story | E89: Check out our latest story on instagram! | F89: 1816 | G89: 29 | H89: 41 | I89: 19976 | J89: 19262 | K89: 283 | L89: #TeslaCoInnovation | M89: FSDUpdate
A90: P082 | B90: Instagram | C90: 45497 | D90: Image | E90: Check out our latest image on instagram! | F90: 725 | G90: 88 | H90: 428 | I90: 14500 | J90: 13637 | K90: 200 | L90: #FutureOfDriving | M90: FSDUpdate
A91: P082 | B91: Instagram | C91: 45497 | D91: Image | E91: Check out our latest image on instagram! | F91: 725 | G91: 88 | H91: 428 | I91: 14500 | J91: 13637 | K91: 200 | L91: #TeslaCoInnovation | M91: FSDUpdate
A92: P082 | B92: Instagram | C92: 45497 | D92: Image | E92: Check out our latest image on instagram! | F92: 725 | G92: 88 | H92: 428 | I92: 14500 | J92: 13637 | K92: 200 | L92: #AnytimeIsTeslaTime | M92: FSDUpdate
A93: P083 | B93: YouTube | C93: 45580 | D93: Video | E93: Check out our latest video on youtube! | F93: 1094 | G93: 472 | H93: 21 | I93: 9846 | J93: 9609 | K93: 112 | L93: #EVRevolution
A94: P084 | B94: Facebook | C94: 45635 | D94: Image | E94: Check out our latest image on facebook! | F94: 1841 | G94: 851 | H94: 342 | I94: 34979 | J94: 34154 | K94: 255 | L94: #FutureOfDriving | M94: SustainabilityDrive
A95: P085 | B95: Instagram | C95: 45766 | D95: Image | E95: Check out our latest image on instagram! | F95: 4177 | G95: 569 | H95: 55 | I95: 25062 | J95: 24847 | K95: 230 | L95: #FutureOfDriving | M95: CybertruckLaunch
A96: P086 | B96: YouTube | C96: 45684 | D96: Text | E96: Check out our latest text on youtube! | F96: 3428 | G96: 305 | H96: 85 | I96: 58276 | J96: 58052 | K96: 242 | L96: #EVRevolution | M96: SustainabilityDrive
A97: P086 | B97: YouTube | C97: 45684 | D97: Text | E97: Check out our latest text on youtube! | F97: 3428 | G97: 305 | H97: 85 | I97: 58276 | J97: 58052 | K97: 242 | L97: #BetterWithTesla | M97: SustainabilityDrive
A98: P087 | B98: Twitter | C98: 45449 | D98: Video | E98: Check out our latest video on twitter! | F98: 1436 | G98: 765 | H98: 496 | I98: 12924 | J98: 12701 | K98: 197 | L98: #FutureOfDriving | M98: FSDUpdate
A99: P088 | B99: Facebook | C99: 45480 | D99: Story | E99: Check out our latest story on facebook! | F99: 302 | G99: 47 | H99: 430 | I99: 5738 | J99: 4890 | K99: 25 | L99: #TeslaCoInnovation | M99: SustainabilityDrive
A100: P089 | B100: Twitter | C100: 45667 | D100: Image | E100: Check out our latest image on twitter! | F100: 2214 | G100: 249 | H100: 152 | I100: 15498 | J100: 14800 | K100: 180 | L100: #EVRevolution
A101: P090 | B101: Instagram | C101: 45446 | D101: Image | E101: Check out our latest image on instagram! | F101: 3861 | G101: 960 | H101: 101 | I101: 69498 | J101: 68817 | K101: 297 | L101: #TeslaCoInnovation | M101: SustainabilityDrive
A102: P091 | B102: Facebook | C102: 45740 | D102: Image | E102: Check out our latest image on facebook! | F102: 1263 | G102: 397 | H102: 357 | I102: 25260 | J102: 24615 | K102: 137 | L102: #EVRevolution | M102: SustainabilityDrive
A103: P092 | B103: Twitter | C103: 45586 | D103: Story | E103: Check out our latest story on twitter! | F103: 3801 | G103: 967 | H103: 401 | I103: 38010 | J103: 37625 | K103: 236 | L103: #FutureOfDriving | M103: FSDUpdate
...

Sheet TASK 2(3)
B5: Column Labels
B6: Facebook | E6: Instagram | H6: Twitter | K6: YouTube | N6: Total Sum of Likes | O6: Total Sum of Shares | P6: Total Sum of Comments
A7: Row Labels | B7: Sum of Likes | C7: Sum of Shares | D7: Sum of Comments | E7: Sum of Likes | F7: Sum of Shares | G7: Sum of Comments | H7: Sum of Likes | I7: Sum of Shares | J7: Sum of Comments | K7: Sum of Likes | L7: Sum of Shares | M7: Sum of Comments
A8: Carousel | B8: 44476 | C8: 7400 | D8: 4589 | E8: 45776 | F8: 7903 | G8: 4382 | H8: 63769 | I8: 7949 | J8: 4622 | K8: 25730 | L8: 6944 | M8: 2465 | N8: 179751 | O8: 30196 | P8: 16058
A9: Image | B9: 76983 | C9: 13679 | D9: 7144 | E9: 40391 | F9: 5989 | G9: 3646 | H9: 50158 | I9: 7895 | J9: 5743 | K9: 23903 | L9: 4310 | M9: 2077 | N9: 191435 | O9: 31873 | P9: 18610
A10: Reel | B10: 46102 | C10: 7149 | D10: 3732 | E10: 32148 | F10: 8110 | G10: 3386 | H10: 28490 | I10: 4734 | J10: 2257 | K10: 39022 | L10: 6036 | M10: 3234 | N10: 145762 | O10: 26029 | P10: 12609
A11: Story | B11: 29405 | C11: 4950 | D11: 3223 | E11: 51313 | F11: 11591 | G11: 4284 | H11: 20466 | I11: 5090 | J11: 3026 | K11: 31968 | L11: 3866 | M11: 2012 | N11: 133152 | O11: 25497 | P11: 12545
A12: Text | B12: 35357 | C12: 5127 | D12: 4424 | E12: 25567 | F12: 5112 | G12: 1946 | H12: 35953 | I12: 5250 | J12: 4403 | K12: 35429 | L12: 5204 | M12: 1293 | N12: 132306 | O12: 20693 | P12: 12066
A13: Video | B13: 30553 | C13: 3718 | D13: 2579 | E13: 27578 | F13: 7858 | G13: 2254 | H13: 40013 | I13: 7240 | J13: 3884 | K13: 39835 | L13: 6946 | M13: 3359 | N13: 137979 | O13: 25762 | P13: 12076
A14: Grand Total | B14: 262876 | C14: 42023 | D14: 25691 | E14: 222773 | F14: 46563 | G14: 19898 | H14: 238849 | I14: 38158 | J14: 23935 | K14: 195887 | L14: 33306 | M14: 14440 | N14: 920385 | O14: 160050 | P14: 83964

Sheet TASK 2(1)
A1: Post ID | B1: Platform | C1: Date | D1: Content Type | E1: Post Text | F1: Likes | G1: Shares | H1: Comments | I1: Impressions | J1: Reach | K1: Clicks | L1: Hashtags Used | M1: Campaign_Name | N1: Engagement Rate
A2: P001 | B2: Twitter | C2: 2024-12-23 | D2: Reel | E2: Check out our latest reel on twitter! | F2: 1461 | G2: 184 | H2: 344 | I2: 21915 | J2: 21675 | K2: 15 | L2: #FutureOfDriving,#AnytimeIsTeslaTime | M2: CybertruckLaunch | N2: =(F2+G2+H2)/I2 -> 0.090759754
A3: P002 | B3: Twitter | C3: 2025-04-03 | D3: Text | E3: Check out our latest text on twitter! | F3: 4054 | G3: 389 | H3: 493 | I3: 64864 | J3: 64383 | K3: 117 | L3: #TeslaCoInnovation,#BetterWithTesla | M3: ModelYCampaign | N3: =(F3+G3+H3)/I3 -> 0.076097681
A4: P003 | B4: YouTube | C4: 2025-05-12 | D4: Reel | E4: Check out our latest reel on youtube! | F4: 2795 | G4: 105 | H4: 49 | I4: 53105 | J4: 52307 | K4: 204 | L4: #TeslaCoInnovation | M4: FSDUpdate | N4: =(F4+G4+H4)/I4 -> 0.055531494
A5: P004 | B5: Instagram | C5: 2024-08-12 | D5: Story | E5: Check out our latest story on instagram! | F5: 2404 | G5: 363 | H5: 138 | I5: 19232 | J5: 18636 | K5: 128 | L5: #EVRevolution | M5: SustainabilityDrive | N5: =(F5+G5+H5)/I5 -> 0.15105033
A6: P005 | B6: YouTube | C6: 2024-06-26 | D6: Reel | E6: Check out our latest reel on youtube! | F6: 3557 | G6: 687 | H6: 424 | I6: 71140 | J6: 70701 | K6: 224 | L6: #EVRevolution,#TeslaCoInnovation | M6: CybertruckLaunch | N6: =(F6+G6+H6)/I6 -> 0.065617093
A7: P006 | B7: Facebook | C7: 2024-10-31 | D7: Carousel | E7: Check out our latest carousel on facebook! | F7: 2945 | G7: 930 | H7: 355 | I7: 23560 | J7: 23275 | K7: 256 | L7: #TeslaCoInnovation | M7: ModelYCampaign | N7: =(F7+G7+H7)/I7 -> 0.1795416
A8: P007 | B8: Twitter | C8: 2024-06-24 | D8: Carousel | E8: Check out our latest carousel on twitter! | F8: 3860 | G8: 201 | H8: 279 | I8: 61760 | J8: 61660 | K8: 235 | L8: #TeslaCoInnovation | M8: ModelYCampaign | N8: =(F8+G8+H8)/I8 -> 0.070272021
A9: P008 | B9: YouTube | C9: 2024-07-13 | D9: Image | E9: Check out our latest image on youtube! | F9: 3929 | G9: 262 | H9: 278 | I9: 43219 | J9: 42841 | K9: 39 | L9: #EVRevolution | M9: SustainabilityDrive | N9: =(F9+G9+H9)/I9 -> 0.1034036
A10: P009 | B10: Facebook | C10: 2024-08-30 | D10: Text | E10: Check out our latest text on facebook! | F10: 3784 | G10: 808 | H10: 404 | I10: 56760 | J10: 56343 | K10: 131 | L10: #TeslaCoInnovation | M10: ModelYCampaign | N10: =(F10+G10+H10)/I10 -> 0.088019732
A11: P010 | B11: Facebook | C11: 2025-03-11 | D11: Image | E11: Check out our latest image on facebook! | F11: 4241 | G11: 902 | H11: 47 | I11: 72097 | J11: 71598 | K11: 167 | L11: #TeslaCoInnovation | M11: ModelYCampaign | N11: =(F11+G11+H11)/I11 -> 0.071986352
A12: P011 | B12: Instagram | C12: 2025-02-02 | D12: Story | E12: Check out our latest story on instagram! | F12: 1792 | G12: 614 | H12: 497 | I12: 25088 | J12: 24675 | K12: 65 | L12: #FutureOfDriving | M12: SustainabilityDrive | N12: =(F12+G12+H12)/I12 -> 0.11571269
A13: P012 | B13: Facebook | C13: 2024-07-21 | D13: Reel | E13: Check out our latest reel on facebook! | F13: 1946 | G13: 686 | H13: 377 | I13: 23352 | J13: 22982 | K13: 213 | L13: #FutureOfDriving | M13: FSDUpdate | N13: =(F13+G13+H13)/I13 -> 0.12885406
A14: P013 | B14: YouTube | C14: 2024-11-18 | D14: Carousel | E14: Check out our latest carousel on youtube! | F14: 1171 | G14: 286 | H14: 231 | I14: 22249 | J14: 21282 | K14: 114 | L14: #EVRevolution | M14: CybertruckLaunch | N14: =(F14+G14+H14)/I14 -> 0.075868578
A15: P014 | B15: Facebook | C15: 2025-02-16 | D15: Story | E15: Check out our latest story on facebook! | F15: 4242 | G15: 555 | H15: 131 | I15: 33936 | J15: 33802 | K15: 265 | L15: #FutureOfDriving | N15: =(F15+G15+H15)/I15 -> 0.14521452
A16: P015 | B16: Facebook | C16: 2024-10-24 | D16: Video | E16: Check out our latest video on facebook! | F16: 3888 | G16: 604 | H16: 128 | I16: 77760 | J16: 77167 | K16: 20 | L16: #FutureOfDriving | M16: CybertruckLaunch | N16: =(F16+G16+H16)/I16 -> 0.05941358
A17: P016 | B17: Facebook | C17: 2024-08-26 | D17: Text | E17: Check out our latest text on facebook! | F17: 3452 | G17: 377 | H17: 360 | I17: 55232 | J17: 55075 | K17: 87 | L17: #FutureOfDriving | M17: FSDUpdate | N17: =(F17+G17+H17)/I17 -> 0.075843714
A18: P017 | B18: Facebook | C18: 2025-05-05 | D18: Text | E18: Check out our latest text on facebook! | F18: 4441 | G18: 511 | H18: 70 | I18: 53292 | J18: 53082 | K18: 159 | L18: #EVRevolution | M18: SustainabilityDrive | N18: =(F18+G18+H18)/I18 -> 0.094235533
A19: P018 | B19: Instagram | C19: 2024-08-19 | D19: Reel | E19: Check out our latest reel on instagram! | F19: 3000 | G19: 382 | H19: 325 | I19: 36000 | J19: 35819 | K19: 19 | L19: #FutureOfDriving | M19: CybertruckLaunch | N19: =(F19+G19+H19)/I19 -> 0.10297222
A20: P019 | B20: Instagram | C20: 2024-06-23 | D20: Video | E20: Check out our latest video on instagram! | F20: 1071 | G20: 519 | H20: 22 | I20: 16065 | J20: 15865 | K20: 103 | L20: #TeslaCoInnovation | M20: SustainabilityDrive | N20: =(F20+G20+H20)/I20 -> 0.10034236
A21: P020 | B21: Instagram | C21: 2024-09-09 | D21: Carousel | E21: Check out our latest carousel on instagram! | F21: 4054 | G21: 488 | H21: 373 | I21: 77026 | J21: 76881 | K21: 25 | L21: #TeslaCoInnovation | M21: CybertruckLaunch | N21: =(F21+G21+H21)/I21 -> 0.063809623
A22: P021 | B22: Instagram | C22: 2025-01-04 | D22: Reel | E22: Check out our latest reel on instagram! | F22: 4838 | G22: 640 | H22: 128 | I22: 72570 | J22: 72396 | K22: 83 | L22: #FutureOfDriving | M22: SustainabilityDrive | N22: =(F22+G22+H22)/I22 -> 0.077249552
A23: P022 | B23: Facebook | C23: 2025-02-27 | D23: Text | E23: Check out our latest text on facebook! | F23: 1570 | G23: 187 | H23: 260 | I23: 25120 | J23: 24613 | K23: 133 | L23: #TeslaCoInnovation | M23: SustainabilityDrive | N23: =(F23+G23+H23)/I23 -> 0.080294586
A24: P023 | B24: Facebook | C24: 2024-11-06 | D24: Video | E24: Check out our latest video on facebook! | F24: 1606 | G24: 547 | H24: 316 | I24: 32120 | J24: 31736 | K24: 225 | L24: #TeslaCoInnovation,#AnytimeIsTeslaTime | M24: ModelYCampaign | N24: =(F24+G24+H24)/I24 -> 0.076867995
A25: P024 | B25: Facebook | C25: 2025-01-23 | D25: Video | E25: Check out our latest video on facebook! | F25: 3961 | G25: 761 | H25: 131 | I25: 67337 | J25: 66615 | K25: 161 | L25: #FutureOfDriving | M25: FSDUpdate | N25: =(F25+G25+H25)/I25 -> 0.072070333
A26: P025 | B26: Twitter | C26: 2025-04-10 | D26: Carousel | E26: Check out our latest carousel on twitter! | F26: 3128 | G26: 211 | H26: 197 | I26: 59432 | J26: 59182 | K26: 238 | L26: #EVRevolution | N26: =(F26+G26+H26)/I26 -> 0.059496568
A27: P026 | B27: YouTube | C27: 2025-04-05 | D27: Reel | E27: Check out our latest reel on youtube! | F27: 3009 | G27: 413 | H27: 358 | I27: 42126 | J27: 41309 | K27: 211 | L27: #FutureOfDriving | M27: ModelYCampaign | N27: =(F27+G27+H27)/I27 -> 0.089730808
A28: P027 | B28: YouTube | C28: 2024-09-17 | D28: Text | E28: Check out our latest text on youtube! | F28: 2076 | G28: 195 | H28: 104 | I28: 33216 | J28: 32244 | K28: 51 | L28: #FutureOfDriving | M28: SustainabilityDrive | N28: =(F28+G28+H28)/I28 -> 0.071501686
A29: P028 | B29: Instagram | C29: 2025-03-04 | D29: Video | E29: Check out our latest video on instagram! | F29: 432 | G29: 624 | H29: 123 | I29: 6912 | J29: 6259 | K29: 79 | L29: #FutureOfDriving | M29: SustainabilityDrive | N29: =(F29+G29+H29)/I29 -> 0.17057292
A30: P029 | B30: Instagram | C30: 2025-01-31 | D30: Carousel | E30: Check out our latest carousel on instagram! | F30: 2566 | G30: 118 | H30: 37 | I30: 12830 | J30: 12264 | K30: 221 | L30: #FutureOfDriving | M30: FSDUpdate | N30: =(F30+G30+H30)/I30 -> 0.21208106
A31: P030 | B31: Instagram | C31: 2025-02-25 | D31: Video | E31: Check out our latest video on instagram! | F31: 3095 | G31: 39 | H31: 78 | I31: 55710 | J31: 54808 | K31: 93 | L31: #EVRevolution | N31: =(F31+G31+H31)/I31 -> 0.057655717
A32: P031 | B32: Instagram | C32: 2024-12-16 | D32: Text | E32: Check out our latest text on instagram! | F32: 438 | G32: 153 | H32: 275 | I32: 3066 | J32: 2701 | K32: 282 | L32: #TeslaCoInnovation | M32: ModelYCampaign | N32: =(F32+G32+H32)/I32 -> 0.28245271
A33: P032 | B33: Twitter | C33: 2024-07-31 | D33: Carousel | E33: Check out our latest carousel on twitter! | F33: 2278 | G33: 10 | H33: 321 | I33: 13668 | J33: 12676 | K33: 275 | L33: #EVRevolution | M33: CybertruckLaunch | N33: =(F33+G33+H33)/I33 -> 0.19088382
A34: P033 | B34: Facebook | C34: 2024-08-21 | D34: Image | E34: Check out our latest image on facebook! | F34: 1407 | G34: 400 | H34: 351 | I34: 16884 | J34: 15954 | K34: 113 | L34: #TeslaCoInnovation | M34: CybertruckLaunch | N34: =(F34+G34+H34)/I34 -> 0.12781331
A35: P034 | B35: Facebook | C35: 2025-03-26 | D35: Text | E35: Check out our latest text on facebook! | F35: 1652 | G35: 89 | H35: 357 | I35: 29736 | J35: 28771 | K35: 215 | L35: #TeslaCoInnovation | M35: FSDUpdate | N35: =(F35+G35+H35)/I35 -> 0.07055421
A36: P035 | B36: Instagram | C36: 2024-11-30 | D36: Video | E36: Check out our latest video on instagram! | F36: 3775 | G36: 16 | H36: 239 | I36: 33975 | J36: 33310 | K36: 271 | L36: #FutureOfDriving | M36: ModelYCampaign | N36: =(F36+G36+H36)/I36 -> 0.11861663
A37: P036 | B37: Instagram | C37: 2025-04-19 | D37: Story | E37: Check out our latest story on instagram! | F37: 4518 | G37: 285 | H37: 383 | I37: 67770 | J37: 67621 | K37: 31 | L37: #EVRevolution | M37: ModelYCampaign | N37: =(F37+G37+H37)/I37 -> 0.076523535
A38: P037 | B38: Facebook | C38: 2025-01-06 | D38: Carousel | E38: Check out our latest carousel on facebook! | F38: 3024 | G38: 925 | H38: 350 | I38: 24192 | J38: 23518 | K38: 36 | L38: #EVRevolution | M38: ModelYCampaign | N38: =(F38+G38+H38)/I38 -> 0.17770337
A39: P038 | B39: YouTube | C39: 2025-02-17 | D39: Reel | E39: Check out our latest reel on youtube! | F39: 3138 | G39: 123 | H39: 291 | I39: 28242 | J39: 27550 | K39: 87 | L39: #TeslaCoInnovation | M39: SustainabilityDrive | N39: =(F39+G39+H39)/I39 -> 0.12577013
A40: P039 | B40: Facebook | C40: 2024-11-25 | D40: Image | E40: Check out our latest image on facebook! | F40: 3564 | G40: 629 | H40: 177 | I40: 60588 | J40: 59627 | K40: 92 | L40: #TeslaCoInnovation | N40: =(F40+G40+H40)/I40 -> 0.072126494
A41: P040 | B41: Twitter | C41: 2025-03-07 | D41: Image | E41: Check out our latest image on twitter! | F41: 4750 | G41: 151 | H41: 415 | I41: 38000 | J41: 37792 | K41: 299 | L41: #EVRevolution | M41: SustainabilityDrive | N41: =(F41+G41+H41)/I41 -> 0.13989474
A42: P041 | B42: Instagram | C42: 2025-03-08 | D42: Reel | E42: Check out our latest reel on instagram! | F42: 456 | G42: 629 | H42: 428 | I42: 8208 | J42: 7377 | K42: 205 | L42: #FutureOfDriving | M42: SustainabilityDrive | N42: =(F42+G42+H42)/I42 -> 0.18433236
A43: P042 | B43: YouTube | C43: 2025-03-05 | D43: Reel | E43: Check out our latest reel on youtube! | F43: 1543 | G43: 820 | H43: 333 | I43: 12344 | J43: 11496 | K43: 241 | L43: #EVRevolution | N43: =(F43+G43+H43)/I43 -> 0.2184057
A44: P043 | B44: Instagram | C44: 2024-12-14 | D44: Carousel | E44: Check out our latest carousel on instagram! | F44: 2174 | G44: 658 | H44: 15 | I44: 13044 | J44: 12206 | K44: 137 | L44: #TeslaCoInnovation | M44: FSDUpdate | N44: =(F44+G44+H44)/I44 -> 0.21826127
A45: P044 | B45: Twitter | C45: 2025-03-02 | D45: Image | E45: Check out our latest image on twitter! | F45: 2358 | G45: 784 | H45: 344 | I45: 35370 | J45: 34475 | K45: 216 | L45: #TeslaCoInnovation | N45: =(F45+G45+H45)/I45 -> 0.0985581
A46: P045 | B46: Facebook | C46: 2024-11-01 | D46: Video | E46: Check out our latest video on facebook! | F46: 3371 | G46: 106 | H46: 327 | I46: 50565 | J46: 49816 | K46: 176 | L46: #FutureOfDriving | M46: CybertruckLaunch | N46: =(F46+G46+H46)/I46 -> 0.075229902
A47: P046 | B47: Twitter | C47: 2025-05-02 | D47: Video | E47: Check out our latest video on twitter! | F47: 1108 | G47: 177 | H47: 212 | I47: 8864 | J47: 8710 | K47: 97 | L47: #TeslaCoInnovation | M47: SustainabilityDrive | N47: =(F47+G47+H47)/I47 -> 0.16888538
A48: P047 | B48: Twitter | C48: 2025-02-24 | D48: Carousel | E48: Check out our latest carousel on twitter! | F48: 2704 | G48: 752 | H48: 153 | I48: 21632 | J48: 20792 | K48: 127 | L48: #FutureOfDriving | N48: =(F48+G48+H48)/I48 -> 0.16683617
A49: P048 | B49: Twitter | C49: 2025-03-11 | D49: Story | E49: Check out our latest story on twitter! | F49: 1950 | G49: 295 | H49: 478 | I49: 37050 | J49: 36272 | K49: 119 | L49: #TeslaCoInnovation | N49: =(F49+G49+H49)/I49 -> 0.073495277
A50: P049 | B50: Twitter | C50: 2024-06-10 | D50: Story | E50: Check out our latest story on twitter! | F50: 2164 | G50: 549 | H50: 274 | I50: 28132 | J50: 27361 | K50: 177 | L50: #TeslaCoInnovation | M50: SustainabilityDrive | N50: =(F50+G50+H50)/I50 -> 0.10617802
A51: P050 | B51: YouTube | C51: 2024-07-03 | D51: Story | E51: Check out our latest story on youtube! | F51: 2754 | G51: 130 | H51: 90 | I51: 22032 | J51: 21288 | K51: 112 | L51: #TeslaCoInnovation | M51: FSDUpdate | N51: =(F51+G51+H51)/I51 -> 0.13498548
A52: P051 | B52: Facebook | C52: 2024-06-13 | D52: Carousel | E52: Check out our latest carousel on facebook! | F52: 2200 | G52: 504 | H52: 239 | I52: 37400 | J52: 36938 | K52: 225 | L52: #FutureOfDriving | M52: ModelYCampaign | N52: =(F52+G52+H52)/I52 -> 0.07868984
A53: P052 | B53: Facebook | C53: 2025-01-03 | D53: Image | E53: Check out our latest image on facebook! | F53: 947 | G53: 338 | H53: 350 | I53: 10417 | J53: 9730 | K53: 34 | L53: #TeslaCoInnovation | M53: SustainabilityDrive | N53: =(F53+G53+H53)/I53 -> 0.15695498
A54: P053 | B54: YouTube | C54: 2025-02-24 | D54: Carousel | E54: Check out our latest carousel on youtube! | F54: 804 | G54: 639 | H54: 43 | I54: 4020 | J54: 3144 | K54: 11 | L54: #EVRevolution,#BetterWithTesla | N54: =(F54+G54+H54)/I54 -> 0.36965174
A55: P054 | B55: YouTube | C55: 2025-03-13 | D55: Carousel | E55: Check out our latest carousel on youtube! | F55: 1686 | G55: 904 | H55: 472 | I55: 18546 | J55: 18171 | K55: 52 | L55: #FutureOfDriving | M55: ModelYCampaign | N55: =(F55+G55+H55)/I55 -> 0.16510299
A56: P055 | B56: Facebook | C56: 2024-06-17 | D56: Image | E56: Check out our latest image on facebook! | F56: 1226 | G56: 119 | H56: 7 | I56: 14712 | J56: 14049 | K56: 123 | L56: #EVRevolution | M56: SustainabilityDrive | N56: =(F56+G56+H56)/I56 -> 0.091897771
A57: P056 | B57: Facebook | C57: 2024-12-18 | D57: Carousel | E57: Check out our latest carousel on facebook! | F57: 2946 | G57: 498 | H57: 367 | I57: 29460 | J57: 28527 | K57: 60 | L57: #FutureOfDriving | M57: FSDUpdate | N57: =(F57+G57+H57)/I57 -> 0.12936185
A58: P057 | B58: Twitter | C58: 2024-10-21 | D58: Video | E58: Check out our latest video on twitter! | F58: 2825 | G58: 535 | H58: 295 | I58: 45200 | J58: 44739 | K58: 169 | L58: #TeslaCoInnovation | M58: CybertruckLaunch | N58: =(F58+G58+H58)/I58 -> 0.080862832
A59: P058 | B59: Instagram | C59: 2025-04-15 | D59: Reel | E59: Check out our latest reel on instagram! | F59: 103 | G59: 770 | H59: 19 | I59: 1030 | J59: 410 | K59: 262 | L59: #TeslaCoInnovation | M59: SustainabilityDrive | N59: =(F59+G59+H59)/I59 -> 0.86601942
A60: P059 | B60: Instagram | C60: 2024-06-22 | D60: Text | E60: Check out our latest text on instagram! | F60: 2180 | G60: 263 | H60: 387 | I60: 30520 | J60: 30059 | K60: 174 | L60: #EVRevolution | N60: =(F60+G60+H60)/I60 -> 0.092726081
A61: P060 | B61: Instagram | C61: 2025-01-28 | D61: Video | E61: Check out our latest video on instagram! | F61: 904 | G61: 973 | H61: 63 | I61: 11752 | J61: 11580 | K61: 84 | L61: #EVRevolution,#TeslaCoInnovation,#AnytimeIsTeslaTime | M61: FSDUpdate | N61: =(F61+G61+H61)/I61 -> 0.16507828
A62: P061 | B62: Twitter | C62: 2024-09-05 | D62: Video | E62: Check out our latest video on twitter! | F62: 4886 | G62: 983 | H62: 409 | I62: 43974 | J62: 43239 | K62: 65 | L62: #TeslaCoInnovation | M62: CybertruckLaunch | N62: =(F62+G62+H62)/I62 -> 0.14276618
A63: P062 | B63: Twitter | C63: 2024-11-22 | D63: Carousel | E63: Check out our latest carousel on twitter! | F63: 53 | G63: 81 | H63: 379 | I63: 954 | J63: 7 | K63: 148 | L63: #TeslaCoInnovation | M63: FSDUpdate | N63: =(F63+G63+H63)/I63 -> 0.53773585
A64: P063 | B64: Twitter | C64: 2024-07-31 | D64: Carousel | E64: Check out our latest carousel on twitter! | F64: 4507 | G64: 217 | H64: 13 | I64: 90140 | J64: 89591 | K64: 125 | L64: #FutureOfDriving | M64: FSDUpdate | N64: =(F64+G64+H64)/I64 -> 0.052551586
A65: P064 | B65: Facebook | C65: 2024-08-17 | D65: Image | E65: Check out our latest image on facebook! | F65: 2878 | G65: 248 | H65: 416 | I65: 43170 | J65: 42667 | K65: 75 | L65: #FutureOfDriving | M65: FSDUpdate | N65: =(F65+G65+H65)/I65 -> 0.082047718
A66: P065 | B66: Instagram | C66: 2025-03-28 | D66: Story | E66: Check out our latest story on instagram! | F66: 1881 | G66: 501 | H66: 99 | I66: 20691 | J66: 19987 | K66: 289 | L66: #EVRevolution | N66: =(F66+G66+H66)/I66 -> 0.11990721
A67: P066 | B67: Twitter | C67: 2024-07-26 | D67: Carousel | E67: Check out our latest carousel on twitter! | F67: 432 | G67: 171 | H67: 280 | I67: 3024 | J67: 2285 | K67: 184 | L67: #EVRevolution | M67: CybertruckLaunch | N67: =(F67+G67+H67)/I67 -> 0.29199735
A68: P067 | B68: Facebook | C68: 2025-03-29 | D68: Carousel | E68: Check out our latest carousel on facebook! | F68: 4712 | G68: 568 | H68: 127 | I68: 84816 | J68: 84691 | K68: 100 | L68: #EVRevolution | M68: FSDUpdate | N68: =(F68+G68+H68)/I68 -> 0.063749764
A69: P068 | B69: Instagram | C69: 2024-12-08 | D69: Story | E69: Check out our latest story on instagram! | F69: 2610 | G69: 126 | H69: 288 | I69: 15660 | J69: 15145 | K69: 73 | L69: #EVRevolution | N69: =(F69+G69+H69)/I69 -> 0.19310345
A70: P069 | B70: Twitter | C70: 2025-03-08 | D70: Text | E70: Check out our latest text on twitter! | F70: 1292 | G70: 626 | H70: 496 | I70: 25840 | J70: 24916 | K70: 149 | L70: #FutureOfDriving | M70: FSDUpdate | N70: =(F70+G70+H70)/I70 -> 0.093421053
A71: P070 | B71: Facebook | C71: 2025-04-02 | D71: Video | E71: Check out our latest video on facebook! | F71: 199 | G71: 772 | H71: 400 | I71: 3582 | J71: 2988 | K71: 43 | L71: #TeslaCoInnovation | N71: =(F71+G71+H71)/I71 -> 0.38274707
A72: P071 | B72: YouTube | C72: 2024-09-02 | D72: Carousel | E72: Check out our latest carousel on youtube! | F72: 2551 | G72: 915 | H72: 205 | I72: 30612 | J72: 30360 | K72: 227 | L72: #TeslaCoInnovation | M72: ModelYCampaign | N72: =(F72+G72+H72)/I72 -> 0.11992029
A73: P072 | B73: YouTube | C73: 2025-03-03 | D73: Reel | E73: Check out our latest reel on youtube! | F73: 296 | G73: 60 | H73: 141 | I73: 5624 | J73: 5239 | K73: 88 | L73: #EVRevolution | M73: ModelYCampaign | N73: =(F73+G73+H73)/I73 -> 0.088371266
A74: P073 | B74: Facebook | C74: 2024-10-18 | D74: Story | E74: Check out our latest story on facebook! | F74: 4126 | G74: 426 | H74: 486 | I74: 78394 | J74: 77798 | K74: 88 | L74: #FutureOfDriving | M74: SustainabilityDrive | N74: =(F74+G74+H74)/I74 -> 0.064265122
A75: P074 | B75: YouTube | C75: 2024-10-28 | D75: Reel | E75: Check out our latest reel on youtube! | F75: 1855 | G75: 200 | H75: 174 | I75: 16695 | J75: 16330 | K75: 123 | L75: #TeslaCoInnovation | M75: FSDUpdate | N75: =(F75+G75+H75)/I75 -> 0.13351303
A76: P075 | B76: Instagram | C76: 2024-08-01 | D76: Reel | E76: Check out our latest reel on instagram! | F76: 1674 | G76: 929 | H76: 37 | I76: 21762 | J76: 20998 | K76: 255 | L76: #TeslaCoInnovation | M76: SustainabilityDrive | N76: =(F76+G76+H76)/I76 -> 0.12131238
A77: P076 | B77: Twitter | C77: 2024-11-07 | D77: Story | E77: Check out our latest story on twitter! | F77: 1121 | G77: 135 | H77: 18 | I77: 15694 | J77: 14957 | K77: 99 | L77: #TeslaCoInnovation | M77: SustainabilityDrive | N77: =(F77+G77+H77)/I77 -> 0.08117752
A78: P077 | B78: Facebook | C78: 2025-03-04 | D78: Story | E78: Check out our latest story on facebook! | F78: 1249 | G78: 116 | H78: 420 | I78: 8743 | J78: 8538 | K78: 63 | L78: #TeslaCoInnovation | N78: =(F78+G78+H78)/I78 -> 0.20416333
A79: P078 | B79: Twitter | C79: 2024-06-17 | D79: Image | E79: Check out our latest image on twitter! | F79: 954 | G79: 324 | H79: 288 | I79: 19080 | J79: 18859 | K79: 21 | L79: #FutureOfDriving | M79: SustainabilityDrive | N79: =(F79+G79+H79)/I79 -> 0.082075472
A80: P079 | B80: Instagram | C80: 2024-10-09 | D80: Carousel | E80: Check out our latest carousel on instagram! | F80: 3068 | G80: 137 | H80: 329 | I80: 39884 | J80: 39404 | K80: 266 | L80: #EVRevolution | M80: ModelYCampaign | N80: =(F80+G80+H80)/I80 -> 0.08860696
A81: P080 | B81: Instagram | C81: 2024-06-13 | D81: Story | E81: Check out our latest story on instagram! | F81: 2103 | G81: 892 | H81: 103 | I81: 39957 | J81: 39466 | K81: 28 | L81: #FutureOfDriving | N81: =(F81+G81+H81)/I81 -> 0.077533348
A82: P081 | B82: Instagram | C82: 2024-10-19 | D82: Story | E82: Check out our latest story on instagram! | F82: 1816 | G82: 29 | H82: 41 | I82: 19976 | J82: 19262 | K82: 283 | L82: #TeslaCoInnovation | M82: FSDUpdate | N82: =(F82+G82+H82)/I82 -> 0.094413296
A83: P082 | B83: Instagram | C83: 2024-07-24 | D83: Image | E83: Check out our latest image on instagram! | F83: 725 | G83: 88 | H83: 428 | I83: 14500 | J83: 13637 | K83: 200 | L83: #FutureOfDriving,#TeslaCoInnovation,#AnytimeIsTeslaTime | M83: FSDUpdate | N83: =(F83+G83+H83)/I83 -> 0.085586207
A84: P083 | B84: YouTube | C84: 2024-10-15 | D84: Video | E84: Check out our latest video on youtube! | F84: 1094 | G84: 472 | H84: 21 | I84: 9846 | J84: 9609 | K84: 112 | L84: #EVRevolution | N84: =(F84+G84+H84)/I84 -> 0.16118221
A85: P084 | B85: Facebook | C85: 2024-12-09 | D85: Image | E85: Check out our latest image on facebook! | F85: 1841 | G85: 851 | H85: 342 | I85: 34979 | J85: 34154 | K85: 255 | L85: #FutureOfDriving | M85: SustainabilityDrive | N85: =(F85+G85+H85)/I85 -> 0.086737757
A86: P085 | B86: Instagram | C86: 2025-04-19 | D86: Image | E86: Check out our latest image on instagram! | F86: 4177 | G86: 569 | H86: 55 | I86: 25062 | J86: 24847 | K86: 230 | L86: #FutureOfDriving | M86: CybertruckLaunch | N86: =(F86+G86+H86)/I86 -> 0.19156492
A87: P086 | B87: YouTube | C87: 2025-01-27 | D87: Text | E87: Check out our latest text on youtube! | F87: 3428 | G87: 305 | H87: 85 | I87: 58276 | J87: 58052 | K87: 242 | L87: #EVRevolution,#BetterWithTesla | M87: SustainabilityDrive | N87: =(F87+G87+H87)/I87 -> 0.065515821
A88: P087 | B88: Twitter | C88: 2024-06-06 | D88: Video | E88: Check out our latest video on twitter! | F88: 1436 | G88: 765 | H88: 496 | I88: 12924 | J88: 12701 | K88: 197 | L88: #FutureOfDriving | M88: FSDUpdate | N88: =(F88+G88+H88)/I88 -> 0.20868152
A89: P088 | B89: Facebook | C89: 2024-07-07 | D89: Story | E89: Check out our latest story on facebook! | F89: 302 | G89: 47 | H89: 430 | I89: 5738 | J89: 4890 | K89: 25 | L89: #TeslaCoInnovation | M89: SustainabilityDrive | N89: =(F89+G89+H89)/I89 -> 0.13576159
A90: P089 | B90: Twitter | C90: 2025-01-10 | D90: Image | E90: Check out our latest image on twitter! | F90: 2214 | G90: 249 | H90: 152 | I90: 15498 | J90: 14800 | K90: 180 | L90: #EVRevolution | N90: =(F90+G90+H90)/I90 -> 0.16873145
A91: P090 | B91: Instagram | C91: 2024-06-03 | D91: Image | E91: Check out our latest image on instagram! | F91: 3861 | G91: 960 | H91: 101 | I91: 69498 | J91: 68817 | K91: 297 | L91: #TeslaCoInnovation | M91: SustainabilityDrive | N91: =(F91+G91+H91)/I91 -> 0.070822182
A92: P091 | B92: Facebook | C92: 2025-03-24 | D92: Image | E92: Check out our latest image on facebook! | F92: 1263 | G92: 397 | H92: 357 | I92: 25260 | J92: 24615 | K92: 137 | L92: #EVRevolution | M92: SustainabilityDrive | N92: =(F92+G92+H92)/I92 -> 0.079849565
A93: P092 | B93: Twitter | C93: 2024-10-21 | D93: Story | E93: Check out our latest story on twitter! | F93: 3801 | G93: 967 | H93: 401 | I93: 38010 | J93: 37625 | K93: 236 | L93: #FutureOfDriving | M93: FSDUpdate | N93: =(F93+G93+H93)/I93 -> 0.13599053
A94: P093 | B94: Instagram | C94: 2024-12-11 | D94: Video | E94: Check out our latest video on instagram! | F94: 1431 | G94: 951 | H94: 26 | I94: 8586 | J94: 8396 | K94: 150 | L94: #EVRevolution | M94: FSDUpdate | N94: =(F94+G94+H94)/I94 -> 0.28045656
A95: P094 | B95: Instagram | C95: 2024-11-07 | D95: Image | E95: Check out our latest image on instagram! | F95: 2647 | G95: 304 | H95: 170 | I95: 18529 | J95: 17841 | K95: 46 | L95: #FutureOfDriving | M95: FSDUpdate | N95: =(F95+G95+H95)/I95 -> 0.16843866
A96: P095 | B96: Instagram | C96: 2024-11-08 | D96: Text | E96: Check out our latest text on instagram! | F96: 3182 | G96: 559 | H96: 160 | I96: 57276 | J96: 56890 | K96: 163 | L96: #FutureOfDriving | M96: SustainabilityDrive | N96: =(F96+G96+H96)/I96 -> 0.068108806
A97: P096 | B97: Twitter | C97: 2024-09-10 | D97: Image | E97: Check out our latest image on twitter! | F97: 1238 | G97: 366 | H97: 444 | I97: 19808 | J97: 19334 | K97: 123 | L97: #FutureOfDriving | N97: =(F97+G97+H97)/I97 -> 0.10339257
A98: P097 | B98: Instagram | C98: 2024-08-13 | D98: Image | E98: Check out our latest image on instagram! | F98: 4739 | G98: 527 | H98: 135 | I98: 61607 | J98: 61333 | K98: 36 | L98: #TeslaCoInnovation,#AnytimeIsTeslaTime | M98: ModelYCampaign | N98: =(F98+G98+H98)/I98 -> 0.087668609
A99: P098 | B99: Twitter | C99: 2024-06-10 | D99: Story | E99: Check out our latest story on twitter! | F99: 1575 | G99: 771 | H99: 486 | I99: 25200 | J99: 24826 | K99: 17 | L99: #FutureOfDriving | M99: SustainabilityDrive | N99: =(F99+G99+H99)/I99 -> 0.11238095
A100: P099 | B100: YouTube | C100: 2024-07-02 | D100: Carousel | E100: Check out our latest carousel on youtube! | F100: 4171 | G100: 548 | H100: 86 | I100: 66736 | J100: 66634 | K100: 173 | L100: #FutureOfDriving | M100: FSDUpdate | N100: =(F100+G100+H100)/I100 -> 0.07200012
...

Sheet TASK 2(2)
A1: Post ID | B1: Platform | C1: Date | D1: Content Type | E1: Post Text | F1: Likes | G1: Shares | H1: Comments | I1: Impressions | J1: Reach | K1: Clicks | L1: Hashtags Used | M1: Campaign_Name | N1: Engagement Rate
A2: P063 | B2: Twitter | C2: 45504 | D2: Carousel | E2: Check out our latest carousel on twitter! | F2: 4507 | G2: 217 | H2: 13 | I2: 90140 | J2: 89591 | K2: 125 | L2: #FutureOfDriving | M2: FSDUpdate | N2: 0.052551586
A3: P176 | B3: Facebook | C3: 45463 | D3: Video | E3: Check out our latest video on facebook! | F3: 3798 | G3: 31 | H3: 279 | I3: 75960 | J3: 75813 | K3: 266 | L3: #TeslaCoInnovation | M3: CybertruckLaunch | N3: 0.054081095
A4: P003 | B4: YouTube | C4: 45789 | D4: Reel | E4: Check out our latest reel on youtube! | F4: 2795 | G4: 105 | H4: 49 | I4: 53105 | J4: 52307 | K4: 204 | L4: #TeslaCoInnovation | M4: FSDUpdate | N4: 0.055531494
A5: P190 | B5: YouTube | C5: 45569 | D5: Text | E5: Check out our latest text on youtube! | F5: 1963 | G5: 213 | H5: 19 | I5: 39260 | J5: 38771 | K5: 145 | L5: #FutureOfDriving | N5: 0.055909322
A6: P145 | B6: Instagram | C6: 45516 | D6: Carousel | E6: Check out our latest carousel on instagram! | F6: 1878 | G6: 62 | H6: 179 | I6: 37560 | J6: 36874 | K6: 142 | L6: #TeslaCoInnovation | M6: SustainabilityDrive | N6: 0.0564164
A7: P225 | B7: Twitter | C7: 45463 | D7: Carousel | E7: Check out our latest carousel on twitter! | F7: 4672 | G7: 325 | H7: 32 | I7: 88768 | J7: 87833 | K7: 118 | L7: #EVRevolution | N7: 0.056653298
A8: P203 | B8: Instagram | C8: 45617 | D8: Carousel | E8: Check out our latest carousel on instagram! | F8: 3773 | G8: 299 | H8: 38 | I8: 71687 | J8: 71447 | K8: 286 | L8: #FutureOfDriving | M8: CybertruckLaunch | N8: 0.057332571
A9: P030 | B9: Instagram | C9: 45713 | D9: Video | E9: Check out our latest video on instagram! | F9: 3095 | G9: 39 | H9: 78 | I9: 55710 | J9: 54808 | K9: 93 | L9: #EVRevolution | N9: 0.057655717
A10: P256 | B10: YouTube | C10: 45553 | D10: Carousel | E10: Check out our latest carousel on youtube! | F10: 2143 | G10: 12 | H10: 204 | I10: 40717 | J10: 40125 | K10: 248 | L10: #EVRevolution | M10: ModelYCampaign | N10: 0.057936488
A11: P283 | B11: Twitter | C11: 45786 | D11: Reel | E11: Check out our latest reel on twitter! | F11: 3367 | G11: 302 | H11: 57 | I11: 63973 | J11: 63789 | K11: 157 | L11: #FutureOfDriving | M11: ModelYCampaign | N11: 0.058243321
A12: P216 | B12: YouTube | C12: 45502 | D12: Story | E12: Check out our latest story on youtube! | F12: 1509 | G12: 88 | H12: 163 | I12: 30180 | J12: 29689 | K12: 119 | L12: #EVRevolution | M12: ModelYCampaign | N12: 0.058316766
A13: P298 | B13: Facebook | C13: 45589 | D13: Image | E13: Check out our latest image on facebook! | F13: 4303 | G13: 451 | H13: 286 | I13: 86060 | J13: 85823 | K13: 14 | L13: #TeslaCoInnovation | M13: FSDUpdate | N13: 0.058563793
A14: P296 | B14: Twitter | C14: 45699 | D14: Video | E14: Check out our latest video on twitter! | F14: 3440 | G14: 13 | H14: 20 | I14: 58480 | J14: 58146 | K14: 210 | L14: #TeslaCoInnovation | M14: SustainabilityDrive | N14: 0.059387825
A15: P296 | B15: Twitter | C15: 45699 | D15: Video | E15: Check out our latest video on twitter! | F15: 3440 | G15: 13 | H15: 20 | I15: 58480 | J15: 58146 | K15: 210 | L15: #SmoothLikeNitroTesla | M15: SustainabilityDrive | N15: 0.059387825
A16: P015 | B16: Facebook | C16: 45589 | D16: Video | E16: Check out our latest video on facebook! | F16: 3888 | G16: 604 | H16: 128 | I16: 77760 | J16: 77167 | K16: 20 | L16: #FutureOfDriving | M16: CybertruckLaunch | N16: 0.05941358
A17: P025 | B17: Twitter | C17: 45757 | D17: Carousel | E17: Check out our latest carousel on twitter! | F17: 3128 | G17: 211 | H17: 197 | I17: 59432 | J17: 59182 | K17: 238 | L17: #EVRevolution | N17: 0.059496568
A18: P279 | B18: YouTube | C18: 45537 | D18: Image | E18: Check out our latest image on youtube! | F18: 4905 | G18: 845 | H18: 129 | I18: 98100 | J18: 97772 | K18: 279 | L18: #TeslaCoInnovation | M18: ModelYCampaign | N18: 0.059928644
A19: P223 | B19: Twitter | C19: 45608 | D19: Image | E19: Check out our latest image on twitter! | F19: 3338 | G19: 277 | H19: 118 | I19: 60084 | J19: 59842 | K19: 252 | L19: #TeslaCoInnovation | N19: 0.062129685
A20: P115 | B20: Twitter | C20: 45788 | D20: Image | E20: Check out our latest image on twitter! | F20: 2493 | G20: 97 | H20: 44 | I20: 42381 | J20: 41991 | K20: 242 | L20: #TeslaCoInnovation | M20: SustainabilityDrive | N20: 0.062150492
A21: P115 | B21: Twitter | C21: 45788 | D21: Image | E21: Check out our latest image on twitter! | F21: 2493 | G21: 97 | H21: 44 | I21: 42381 | J21: 41991 | K21: 242 | L21: #AnytimeIsTeslaTime | M21: SustainabilityDrive | N21: 0.062150492
A22: P107 | B22: YouTube | C22: 45464 | D22: Image | E22: Check out our latest image on youtube! | F22: 4832 | G22: 893 | H22: 10 | I22: 91808 | J22: 91296 | K22: 182 | L22: #TeslaCoInnovation | N22: 0.062467323
A23: P200 | B23: Facebook | C23: 45754 | D23: Reel | E23: Check out our latest reel on facebook! | F23: 3718 | G23: 385 | H23: 310 | I23: 70642 | J23: 69749 | K23: 233 | L23: #TeslaCoInnovation | M23: ModelYCampaign | N23: 0.062469919
A24: P217 | B24: Facebook | C24: 45629 | D24: Image | E24: Check out our latest image on facebook! | F24: 4606 | G24: 931 | H24: 230 | I24: 92120 | J24: 91440 | K24: 56 | L24: #TeslaCoInnovation | N24: 0.062603126
A25: P281 | B25: YouTube | C25: 45738 | D25: Image | E25: Check out our latest image on youtube! | F25: 3166 | G25: 90 | H25: 341 | I25: 56988 | J25: 56125 | K25: 135 | L25: #EVRevolution | M25: ModelYCampaign | N25: 0.063118551
A26: P150 | B26: YouTube | C26: 45526 | D26: Carousel | E26: Check out our latest carousel on youtube! | F26: 4295 | G26: 853 | H26: 325 | I26: 85900 | J26: 85788 | K26: 290 | L26: #TeslaCoInnovation | M26: SustainabilityDrive | N26: 0.06371362
A27: P067 | B27: Facebook | C27: 45745 | D27: Carousel | E27: Check out our latest carousel on facebook! | F27: 4712 | G27: 568 | H27: 127 | I27: 84816 | J27: 84691 | K27: 100 | L27: #EVRevolution | M27: FSDUpdate | N27: 0.063749764
A28: P020 | B28: Instagram | C28: 45544 | D28: Carousel | E28: Check out our latest carousel on instagram! | F28: 4054 | G28: 488 | H28: 373 | I28: 77026 | J28: 76881 | K28: 25 | L28: #TeslaCoInnovation | M28: CybertruckLaunch | N28: 0.063809623
A29: P267 | B29: Twitter | C29: 45569 | D29: Reel | E29: Check out our latest reel on twitter! | F29: 4187 | G29: 66 | H29: 31 | I29: 66992 | J29: 66614 | K29: 62 | L29: #FutureOfDriving | N29: 0.063947934
A30: P073 | B30: Facebook | C30: 45583 | D30: Story | E30: Check out our latest story on facebook! | F30: 4126 | G30: 426 | H30: 486 | I30: 78394 | J30: 77798 | K30: 88 | L30: #FutureOfDriving | M30: SustainabilityDrive | N30: 0.064265122
A31: P135 | B31: Facebook | C31: 45624 | D31: Text | E31: Check out our latest text on facebook! | F31: 4213 | G31: 253 | H31: 434 | I31: 75834 | J31: 75437 | K31: 272 | L31: #FutureOfDriving | M31: SustainabilityDrive | N31: 0.064614817
A32: P197 | B32: Twitter | C32: 45587 | D32: Reel | E32: Check out our latest reel on twitter! | F32: 4782 | G32: 721 | H32: 82 | I32: 86076 | J32: 85339 | K32: 19 | L32: #EVRevolution | M32: CybertruckLaunch | N32: 0.064884521
A33: P144 | B33: YouTube | C33: 45593 | D33: Story | E33: Check out our latest story on youtube! | F33: 4929 | G33: 749 | H33: 452 | I33: 93651 | J33: 92810 | K33: 66 | L33: #EVRevolution | M33: SustainabilityDrive | N33: 0.065455788
A34: P086 | B34: YouTube | C34: 45684 | D34: Text | E34: Check out our latest text on youtube! | F34: 3428 | G34: 305 | H34: 85 | I34: 58276 | J34: 58052 | K34: 242 | L34: #EVRevolution | M34: SustainabilityDrive | N34: 0.065515821
A35: P086 | B35: YouTube | C35: 45684 | D35: Text | E35: Check out our latest text on youtube! | F35: 3428 | G35: 305 | H35: 85 | I35: 58276 | J35: 58052 | K35: 242 | L35: #BetterWithTesla | M35: SustainabilityDrive | N35: 0.065515821
A36: P005 | B36: YouTube | C36: 45469 | D36: Reel | E36: Check out our latest reel on youtube! | F36: 3557 | G36: 687 | H36: 424 | I36: 71140 | J36: 70701 | K36: 224 | L36: #EVRevolution | M36: CybertruckLaunch | N36: 0.065617093
A37: P005 | B37: YouTube | C37: 45469 | D37: Reel | E37: Check out our latest reel on youtube! | F37: 3557 | G37: 687 | H37: 424 | I37: 71140 | J37: 70701 | K37: 224 | L37: #TeslaCoInnovation | M37: CybertruckLaunch | N37: 0.065617093
A38: P270 | B38: YouTube | C38: 45672 | D38: Reel | E38: Check out our latest reel on youtube! | F38: 3774 | G38: 239 | H38: 39 | I38: 60384 | J38: 59490 | K38: 241 | L38: #TeslaCoInnovation | M38: FSDUpdate | N38: 0.067103869
A39: P237 | B39: Instagram | C39: 45587 | D39: Story | E39: Check out our latest story on instagram! | F39: 3770 | G39: 917 | H39: 129 | I39: 71630 | J39: 71322 | K39: 76 | L39: #FutureOfDriving | M39: CybertruckLaunch | N39: 0.067234399
A40: P288 | B40: YouTube | C40: 45764 | D40: Carousel | E40: Check out our latest carousel on youtube! | F40: 4780 | G40: 691 | H40: 380 | I40: 86040 | J40: 85743 | K40: 262 | L40: #FutureOfDriving | M40: FSDUpdate | N40: 0.068003254
A41: P095 | B41: Instagram | C41: 45604 | D41: Text | E41: Check out our latest text on instagram! | F41: 3182 | G41: 559 | H41: 160 | I41: 57276 | J41: 56890 | K41: 163 | L41: #FutureOfDriving | M41: SustainabilityDrive | N41: 0.068108806
... A55: P215 | B55: Facebook | C55: 45783 | D55: Image | E55: Check out our latest image on facebook! | F55: 4872 | G55: 925 | H55: 176 | I55: 82824 | J55: 82543 | K55: 89 | L55: #EVRevolution | M55: ModelYCampaign | N55: 0.072116778
A56: P039 | B56: Facebook | C56: 45621 | D56: Image | E56: Check out our latest image on facebook! | F56: 3564 | G56: 629 | H56: 177 | I56: 60588 | J56: 59627 | K56: 92 | L56: #TeslaCoInnovation | N56: 0.072126494
A57: P189 | B57: Facebook | C57: 45740 | D57: Reel | E57: Check out our latest reel on facebook! | F57: 3360 | G57: 525 | H57: 500 | I57: 60480 | J57: 59610 | K57: 192 | L57: #TeslaCoInnovation | M57: CybertruckLaunch | N57: 0.072503307
A58: P238 | B58: Twitter | C58: 45489 | D58: Text | E58: Check out our latest text on twitter! | F58: 4725 | G58: 400 | H58: 362 | I58: 75600 | J58: 74927 | K58: 43 | L58: #FutureOfDriving | M58: SustainabilityDrive | N58: 0.072579365
A59: P172 | B59: Facebook | C59: 45518 | D59: Carousel | E59: Check out our latest carousel on facebook! | F59: 3073 | G59: 553 | H59: 174 | I59: 52241 | J59: 51605 | K59: 246 | L59: #EVRevolution | M59: FSDUpdate | N59: 0.072739802
A60: P233 | B60: Facebook | C60: 45724 | D60: Image | E60: Check out our latest image on facebook! | F60: 2382 | G60: 265 | H60: 134 | I60: 38112 | J60: 37437 | K60: 249 | L60: #FutureOfDriving | M60: SustainabilityDrive | N60: 0.072969144
A61: P289 | B61: Facebook | C61: 45624 | D61: Carousel | E61: Check out our latest carousel on facebook! | F61: 2751 | G61: 33 | H61: 430 | I61: 44016 | J61: 43415 | K61: 129 | L61: #FutureOfDriving | N61: 0.073018902
A62: P250 | B62: Facebook | C62: 45465 | D62: Reel | E62: Check out our latest reel on facebook! | F62: 3813 | G62: 935 | H62: 274 | I62: 68634 | J62: 68488 | K62: 251 | L62: #FutureOfDriving | N62: 0.073170732
A63: P048 | B63: Twitter | C63: 45727 | D63: Story | E63: Check out our latest story on twitter! | F63: 1950 | G63: 295 | H63: 478 | I63: 37050 | J63: 36272 | K63: 119 | L63: #TeslaCoInnovation | N63: 0.073495277
A64: P101 | B64: YouTube | C64: 45583 | D64: Video | E64: Check out our latest video on youtube! | F64: 4450 | G64: 983 | H64: 143 | I64: 75650 | J64: 75008 | K64: 12 | L64: #FutureOfDriving | M64: FSDUpdate | N64: 0.073707865
A65: P111 | B65: YouTube | C65: 45619 | D65: Image | E65: Check out our latest image on youtube! | F65: 2719 | G65: 17 | H65: 285 | I65: 40785 | J65: 40281 | K65: 40 | L65: #TeslaCoInnovation | M65: ModelYCampaign | N65: 0.07407135
A66: P168 | B66: Facebook | C66: 45608 | D66: Text | E66: Check out our latest text on facebook! | F66: 2418 | G66: 754 | H66: 54 | I66: 43524 | J66: 42743 | K66: 182 | L66: #EVRevolution | M66: CybertruckLaunch | N66: 0.074120026
A67: P045 | B67: Facebook | C67: 45597 | D67: Video | E67: Check out our latest video on facebook! | F67: 3371 | G67: 106 | H67: 327 | I67: 50565 | J67: 49816 | K67: 176 | L67: #FutureOfDriving | M67: CybertruckLaunch | N67: 0.075229902
A68: P179 | B68: Facebook | C68: 45488 | D68: Carousel | E68: Check out our latest carousel on facebook! | F68: 3796 | G68: 667 | H68: 395 | I68: 64532 | J68: 63550 | K68: 292 | L68: #TeslaCoInnovation | N68: 0.075280481
A69: P016 | B69: Facebook | C69: 45530 | D69: Text | E69: Check out our latest text on facebook! | F69: 3452 | G69: 377 | H69: 360 | I69: 55232 | J69: 55075 | K69: 87 | L69: #FutureOfDriving | M69: FSDUpdate | N69: 0.075843714
A70: P013 | B70: YouTube | C70: 45614 | D70: Carousel | E70: Check out our latest carousel on youtube! | F70: 1171 | G70: 286 | H70: 231 | I70: 22249 | J70: 21282 | K70: 114 | L70: #EVRevolution | M70: CybertruckLaunch | N70: 0.075868578
A71: P234 | B71: Facebook | C71: 45444 | D71: Text | E71: Check out our latest text on facebook! | F71: 1272 | G71: 465 | H71: 99 | I71: 24168 | J71: 23719 | K71: 42 | L71: #TeslaCoInnovation | N71: 0.075968222
A72: P002 | B72: Twitter | C72: 45750 | D72: Text | E72: Check out our latest text on twitter! | F72: 4054 | G72: 389 | H72: 493 | I72: 64864 | J72: 64383 | K72: 117 | L72: #TeslaCoInnovation | M72: ModelYCampaign | N72: 0.076097681
A73: P002 | B73: Twitter | C73: 45750 | D73: Text | E73: Check out our latest text on twitter! | F73: 4054 | G73: 389 | H73: 493 | I73: 64864 | J73: 64383 | K73: 117 | L73: #BetterWithTesla | M73: ModelYCampaign | N73: 0.076097681
A74: P036 | B74: Instagram | C74: 45766 | D74: Story | E74: Check out our latest story on instagram! | F74: 4518 | G74: 285 | H74: 383 | I74: 67770 | J74: 67621 | K74: 31 | L74: #EVRevolution | M74: ModelYCampaign | N74: 0.076523535
A75: P023 | B75: Facebook | C75: 45602 | D75: Video | E75: Check out our latest video on facebook! | F75: 1606 | G75: 547 | H75: 316 | I75: 32120 | J75: 31736 | K75: 225 | L75: #TeslaCoInnovation | M75: ModelYCampaign | N75: 0.076867995
A76: P023 | B76: Facebook | C76: 45602 | D76: Video | E76: Check out our latest video on facebook! | F76: 1606 | G76: 547 | H76: 316 | I76: 32120 | J76: 31736 | K76: 225 | L76: #AnytimeIsTeslaTime | M76: ModelYCampaign | N76: 0.076867995
A77: P021 | B77: Instagram | C77: 45661 | D77: Reel | E77: Check out our latest reel on instagram! | F77: 4838 | G77: 640 | H77: 128 | I77: 72570 | J77: 72396 | K77: 83 | L77: #FutureOfDriving | M77: SustainabilityDrive | N77: 0.077249552
A78: P149 | B78: Twitter | C78: 45459 | D78: Video | E78: Check out our latest video on twitter! | F78: 1702 | G78: 750 | H78: 179 | I78: 34040 | J78: 33174 | K78: 76 | L78: #EVRevolution | M78: CybertruckLaunch | N78: 0.077291422
A79: P230 | B79: Facebook | C79: 45488 | D79: Reel | E79: Check out our latest reel on facebook! | F79: 3663 | G79: 17 | H79: 295 | I79: 51282 | J79: 50567 | K79: 84 | L79: #EVRevolution | M79: FSDUpdate | N79: 0.077512578
A80: P080 | B80: Instagram | C80: 45456 | D80: Story | E80: Check out our latest story on instagram! | F80: 2103 | G80: 892 | H80: 103 | I80: 39957 | J80: 39466 | K80: 28 | L80: #FutureOfDriving | N80: 0.077533348
A81: P051 | B81: Facebook | C81: 45456 | D81: Carousel | E81: Check out our latest carousel on facebook! | F81: 2200 | G81: 504 | H81: 239 | I81: 37400 | J81: 36938 | K81: 225 | L81: #FutureOfDriving | M81: ModelYCampaign | N81: 0.07868984
A82: P274 | B82: Twitter | C82: 45658 | D82: Carousel | E82: Check out our latest carousel on twitter! | F82: 3535 | G82: 494 | H82: 152 | I82: 53025 | J82: 52791 | K82: 44 | L82: #TeslaCoInnovation | M82: SustainabilityDrive | N82: 0.078849599
A83: P091 | B83: Facebook | C83: 45740 | D83: Image | E83: Check out our latest image on facebook! | F83: 1263 | G83: 397 | H83: 357 | I83: 25260 | J83: 24615 | K83: 137 | L83: #EVRevolution | M83: SustainabilityDrive | N83: 0.079849565
A84: P257 | B84: Facebook | C84: 45753 | D84: Image | E84: Check out our latest image on facebook! | F84: 3090 | G84: 697 | H84: 164 | I84: 49440 | J84: 48524 | K84: 25 | L84: #EVRevolution | M84: ModelYCampaign | N84: 0.079915049
A85: P257 | B85: Facebook | C85: 45753 | D85: Image | E85: Check out our latest image on facebook! | F85: 3090 | G85: 697 | H85: 164 | I85: 49440 | J85: 48524 | K85: 25 | L85: #BetterWithTesla | M85: ModelYCampaign | N85: 0.079915049
A86: P118 | B86: Facebook | C86: 45600 | D86: Image | E86: Check out our latest image on facebook! | F86: 4551 | G86: 714 | H86: 207 | I86: 68265 | J86: 67754 | K86: 57 | L86: #FutureOfDriving | M86: FSDUpdate | N86: 0.080158207
A87: P022 | B87: Facebook | C87: 45715 | D87: Text | E87: Check out our latest text on facebook! | F87: 1570 | G87: 187 | H87: 260 | I87: 25120 | J87: 24613 | K87: 133 | L87: #TeslaCoInnovation | M87: SustainabilityDrive | N87: 0.080294586
A88: P122 | B88: Instagram | C88: 45567 | D88: Text | E88: Check out our latest text on instagram! | F88: 3432 | G88: 869 | H88: 123 | I88: 54912 | J88: 53916 | K88: 264 | L88: #EVRevolution | M88: ModelYCampaign | N88: 0.080565268
A89: P057 | B89: Twitter | C89: 45586 | D89: Video | E89: Check out our latest video on twitter! | F89: 2825 | G89: 535 | H89: 295 | I89: 45200 | J89: 44739 | K89: 169 | L89: #TeslaCoInnovation | M89: CybertruckLaunch | N89: 0.080862832
A90: P076 | B90: Twitter | C90: 45603 | D90: Story | E90: Check out our latest story on twitter! | F90: 1121 | G90: 135 | H90: 18 | I90: 15694 | J90: 14957 | K90: 99 | L90: #TeslaCoInnovation | M90: SustainabilityDrive | N90: 0.08117752
A91: P228 | B91: Instagram | C91: 45474 | D91: Story | E91: Check out our latest story on instagram! | F91: 4808 | G91: 772 | H91: 320 | I91: 72120 | J91: 71696 | K91: 195 | L91: #EVRevolution | M91: CybertruckLaunch | N91: 0.081808098
A92: P064 | B92: Facebook | C92: 45521 | D92: Image | E92: Check out our latest image on facebook! | F92: 2878 | G92: 248 | H92: 416 | I92: 43170 | J92: 42667 | K92: 75 | L92: #FutureOfDriving | M92: FSDUpdate | N92: 0.082047718
... A120: P208 | B120: YouTube | C120: 45467 | D120: Video | E120: Check out our latest video on youtube! | F120: 2949 | G120: 476 | H120: 403 | I120: 44235 | J120: 43705 | K120: 135 | L120: #TeslaCoInnovation | M120: ModelYCampaign | N120: 0.086537809
A121: P162 | B121: Facebook | C121: 45748 | D121: Story | E121: Check out our latest story on facebook! | F121: 3430 | G121: 566 | H121: 164 | I121: 48020 | J121: 47305 | K121: 120 | L121: #FutureOfDriving | N121: 0.086630571
A122: P084 | B122: Facebook | C122: 45635 | D122: Image | E122: Check out our latest image on facebook! | F122: 1841 | G122: 851 | H122: 342 | I122: 34979 | J122: 34154 | K122: 255 | L122: #FutureOfDriving | M122: SustainabilityDrive | N122: 0.086737757
A123: P253 | B123: Twitter | C123: 45507 | D123: Reel | E123: Check out our latest reel on twitter! | F123: 3791 | G123: 593 | H123: 228 | I123: 53074 | J123: 52613 | K123: 205 | L123: #EVRevolution | N123: 0.086897539
A124: P097 | B124: Instagram | C124: 45517 | D124: Image | E124: Check out our latest image on instagram! | F124: 4739 | G124: 527 | H124: 135 | I124: 61607 | J124: 61333 | K124: 36 | L124: #TeslaCoInnovation | M124: ModelYCampaign | N124: 0.087668609
A125: P097 | B125: Instagram | C125: 45517 | D125: Image | E125: Check out our latest image on instagram! | F125: 4739 | G125: 527 | H125: 135 | I125: 61607 | J125: 61333 | K125: 36 | L125: #AnytimeIsTeslaTime | M125: ModelYCampaign | N125: 0.087668609
A126: P249 | B126: Twitter | C126: 45491 | D126: Image | E126: Check out our latest image on twitter! | F126: 827 | G126: 77 | H126: 402 | I126: 14886 | J126: 14129 | K126: 254 | L126: #EVRevolution | M126: ModelYCampaign | N126: 0.087733441
A127: P260 | B127: Instagram | C127: 45700 | D127: Story | E127: Check out our latest story on instagram! | F127: 4332 | G127: 771 | H127: 219 | I127: 60648 | J127: 60397 | K127: 10 | L127: #TeslaCoInnovation | M127: FSDUpdate | N127: 0.087752275
A128: P260 | B128: Instagram | C128: 45700 | D128: Story | E128: Check out our latest story on instagram! | F128: 4332 | G128: 771 | H128: 219 | I128: 60648 | J128: 60397 | K128: 10 | L128: #EVRevolution | M128: FSDUpdate | N128: 0.087752275
A129: P260 | B129: Instagram | C129: 45700 | D129: Story | E129: Check out our latest story on instagram! | F129: 4332 | G129: 771 | H129: 219 | I129: 60648 | J129: 60397 | K129: 10 | L129: #BetterWithTesla | M129: FSDUpdate | N129: 0.087752275
A130: P009 | B130: Facebook | C130: 45534 | D130: Text | E130: Check out our latest text on facebook! | F130: 3784 | G130: 808 | H130: 404 | I130: 56760 | J130: 56343 | K130: 131 | L130: #TeslaCoInnovation | M130: ModelYCampaign | N130: 0.088019732
A131: P072 | B131: YouTube | C131: 45719 | D131: Reel | E131: Check out our latest reel on youtube! | F131: 296 | G131: 60 | H131: 141 | I131: 5624 | J131: 5239 | K131: 88 | L131: #EVRevolution | M131: ModelYCampaign | N131: 0.088371266
A132: P079 | B132: Instagram | C132: 45574 | D132: Carousel | E132: Check out our latest carousel on instagram! | F132: 3068 | G132: 137 | H132: 329 | I132: 39884 | J132: 39404 | K132: 266 | L132: #EVRevolution | M132: ModelYCampaign | N132: 0.08860696
A133: P130 | B133: YouTube | C133: 45564 | D133: Reel | E133: Check out our latest reel on youtube! | F133: 2936 | G133: 439 | H133: 44 | I133: 38168 | J133: 37571 | K133: 22 | L133: #EVRevolution | M133: SustainabilityDrive | N133: 0.089577657
A134: P026 | B134: YouTube | C134: 45752 | D134: Reel | E134: Check out our latest reel on youtube! | F134: 3009 | G134: 413 | H134: 358 | I134: 42126 | J134: 41309 | K134: 211 | L134: #FutureOfDriving | M134: ModelYCampaign | N134: 0.089730808
A135: P180 | B135: YouTube | C135: 45629 | D135: Text | E135: Check out our latest text on youtube! | F135: 3711 | G135: 352 | H135: 290 | I135: 48243 | J135: 47579 | K135: 11 | L135: #TeslaCoInnovation | M135: CybertruckLaunch | N135: 0.090230707
... A138: P001 | B138: Twitter | C138: 45649 | D138: Reel | E138: Check out our latest reel on twitter! | F138: 1461 | G138: 184 | H138: 344 | I138: 21915 | J138: 21675 | K138: 15 | L138: #AnytimeIsTeslaTime | M138: CybertruckLaunch | N138: 0.090759754
A139: P160 | B139: Twitter | C139: 45528 | D139: Video | E139: Check out our latest video on twitter! | F139: 1082 | G139: 209 | H139: 484 | I139: 19476 | J139: 18654 | K139: 20 | L139: #TeslaCoInnovation | N139: 0.091137811
A140: P177 | B140: Instagram | C140: 45483 | D140: Carousel | E140: Check out our latest carousel on instagram! | F140: 3099 | G140: 694 | H140: 171 | I140: 43386 | J140: 42921 | K140: 52 | L140: #TeslaCoInnovation | M140: FSDUpdate | N140: 0.091365878
A141: P055 | B141: Facebook | C141: 45460 | D141: Image | E141: Check out our latest image on facebook! | F141: 1226 | G141: 119 | H141: 7 | I141: 14712 | J141: 14049 | K141: 123 | L141: #EVRevolution | M141: SustainabilityDrive | N141: 0.091897771
A142: P100 | B142: YouTube | C142: 45698 | D142: Video | E142: Check out our latest video on youtube! | F142: 1766 | G142: 92 | H142: 424 | I142: 24724 | J142: 24333 | K142: 52 | L142: #EVRevolution | N142: 0.092298981
...

Sheet TASK 2(1.1)
A1: Post ID | B1: Platform | C1: Date | D1: Content Type | E1: Post Text | F1: Likes | G1: Shares | H1: Comments | I1: Impressions | J1: Reach | K1: Clicks | L1: Hashtags | M1: Campaign_Name | N1: Engagement Rate
A2: P001 | B2: Twitter | C2: 45649 | D2: Reel | E2: Check out our latest reel on twitter! | F2: 1461 | G2: 184 | H2: 344 | I2: 21915 | J2: 21675 | K2: 15 | L2: #FutureOfDriving | M2: CybertruckLaunch | N2: =(F2+G2+H2)/I2 -> 0.090759754
A3: P001 | B3: Twitter | C3: 45649 | D3: Reel | E3: Check out our latest reel on twitter! | F3: 1461 | G3: 184 | H3: 344 | I3: 21915 | J3: 21675 | K3: 15 | L3: #AnytimeIsTeslaTime | M3: CybertruckLaunch | N3: =(F3+G3+H3)/I3 -> 0.090759754
A4: P002 | B4: Twitter | C4: 45750 | D4: Text | E4: Check out our latest text on twitter! | F4: 4054 | G4: 389 | H4: 493 | I4: 64864 | J4: 64383 | K4: 117 | L4: #TeslaCoInnovation | M4: ModelYCampaign | N4: =(F4+G4+H4)/I4 -> 0.076097681
A5: P002 | B5: Twitter | C5: 45750 | D5: Text | E5: Check out our latest text on twitter! | F5: 4054 | G5: 389 | H5: 493 | I5: 64864 | J5: 64383 | K5: 117 | L5: #BetterWithTesla | M5: ModelYCampaign | N5: =(F5+G5+H5)/I5 -> 0.076097681
A6: P003 | B6: YouTube | C6: 45789 | D6: Reel | E6: Check out our latest reel on youtube! | F6: 2795 | G6: 105 | H6: 49 | I6: 53105 | J6: 52307 | K6: 204 | L6: #TeslaCoInnovation | M6: FSDUpdate | N6: =(F6+G6+H6)/I6 -> 0.055531494
A7: P004 | B7: Instagram | C7: 45516 | D7: Story | E7: Check out our latest story on instagram! | F7: 2404 | G7: 363 | H7: 138 | I7: 19232 | J7: 18636 | K7: 128 | L7: #EVRevolution | M7: SustainabilityDrive | N7: =(F7+G7+H7)/I7 -> 0.15105033
A8: P005 | B8: YouTube | C8: 45469 | D8: Reel | E8: Check out our latest reel on youtube! | F8: 3557 | G8: 687 | H8: 424 | I8: 71140 | J8: 70701 | K8: 224 | L8: #EVRevolution | M8: CybertruckLaunch | N8: =(F8+G8+H8)/I8 -> 0.065617093
A9: P005 | B9: YouTube | C9: 45469 | D9: Reel | E9: Check out our latest reel on youtube! | F9: 3557 | G9: 687 | H9: 424 | I9: 71140 | J9: 70701 | K9: 224 | L9: #TeslaCoInnovation | M9: CybertruckLaunch | N9: =(F9+G9+H9)/I9 -> 0.065617093
A10: P006 | B10: Facebook | C10: 45596 | D10: Carousel | E10: Check out our latest carousel on facebook! | F10: 2945 | G10: 930 | H10: 355 | I10: 23560 | J10: 23275 | K10: 256 | L10: #TeslaCoInnovation | M10: ModelYCampaign | N10: =(F10+G10+H10)/I10 -> 0.1795416
A11: P007 | B11: Twitter | C11: 45467 | D11: Carousel | E11: Check out our latest carousel on twitter! | F11: 3860 | G11: 201 | H11: 279 | I11: 61760 | J11: 61660 | K11: 235 | L11: #TeslaCoInnovation | M11: ModelYCampaign | N11: =(F11+G11+H11)/I11 -> 0.070272021
A12: P008 | B12: YouTube | C12: 45486 | D12: Image | E12: Check out our latest image on youtube! | F12: 3929 | G12: 262 | H12: 278 | I12: 43219 | J12: 42841 | K12: 39 | L12: #EVRevolution | M12: SustainabilityDrive | N12: =(F12+G12+H12)/I12 -> 0.1034036
A13: P009 | B13: Facebook | C13: 45534 | D13: Text | E13: Check out our latest text on facebook! | F13: 3784 | G13: 808 | H13: 404 | I13: 56760 | J13: 56343 | K13: 131 | L13: #TeslaCoInnovation | M13: ModelYCampaign | N13: =(F13+G13+H13)/I13 -> 0.088019732
... A17: P013 | B17: YouTube | C17: 45614 | D17: Carousel | E17: Check out our latest carousel on youtube! | F17: 1171 | G17: 286 | H17: 231 | I17: 22249 | J17: 21282 | K17: 114 | L17: #EVRevolution | M17: CybertruckLaunch | N17: =(F17+G17+H17)/I17 -> 0.075868578
A18: P014 | B18: Facebook | C18: 45704 | D18: Story | E18: Check out our latest story on facebook! | F18: 4242 | G18: 555 | H18: 131 | I18: 33936 | J18: 33802 | K18: 265 | L18: #FutureOfDriving | N18: =(F18+G18+H18)/I18 -> 0.14521452
A19: P015 | B19: Facebook | C19: 45589 | D19: Video | E19: Check out our latest video on facebook! | F19: 3888 | G19: 604 | H19: 128 | I19: 77760 | J19: 77167 | K19: 20 | L19: #FutureOfDriving | M19: CybertruckLaunch | N19: =(F19+G19+H19)/I19 -> 0.05941358
A20: P016 | B20: Facebook | C20: 45530 | D20: Text | E20: Check out our latest text on facebook! | F20: 3452 | G20: 377 | H20: 360 | I20: 55232 | J20: 55075 | K20: 87 | L20: #FutureOfDriving | M20: FSDUpdate | N20: =(F20+G20+H20)/I20 -> 0.075843714
A21: P017 | B21: Facebook | C21: 45782 | D21: Text | E21: Check out our latest text on facebook! | F21: 4441 | G21: 511 | H21: 70 | I21: 53292 | J21: 53082 | K21: 159 | L21: #EVRevolution | M21: SustainabilityDrive | N21: =(F21+G21+H21)/I21 -> 0.094235533
A22: P018 | B22: Instagram | C22: 45523 | D22: Reel | E22: Check out our latest reel on instagram! | F22: 3000 | G22: 382 | H22: 325 | I22: 36000 | J22: 35819 | K22: 19 | L22: #FutureOfDriving | M22: CybertruckLaunch | N22: =(F22+G22+H22)/I22 -> 0.10297222
A23: P019 | B23: Instagram | C23: 45466 | D23: Video | E23: Check out our latest video on instagram! | F23: 1071 | G23: 519 | H23: 22 | I23: 16065 | J23: 15865 | K23: 103 | L23: #TeslaCoInnovation | M23: SustainabilityDrive | N23: =(F23+G23+H23)/I23 -> 0.10034236
A24: P020 | B24: Instagram | C24: 45544 | D24: Carousel | E24: Check out our latest carousel on instagram! | F24: 4054 | G24: 488 | H24: 373 | I24: 77026 | J24: 76881 | K24: 25 | L24: #TeslaCoInnovation | M24: CybertruckLaunch | N24: =(F24+G24+H24)/I24 -> 0.063809623
A25: P021 | B25: Instagram | C25: 45661 | D25: Reel | E25: Check out our latest reel on instagram! | F25: 4838 | G25: 640 | H25: 128 | I25: 72570 | J25: 72396 | K25: 83 | L25: #FutureOfDriving | M25: SustainabilityDrive | N25: =(F25+G25+H25)/I25 -> 0.077249552
A26: P022 | B26: Facebook | C26: 45715 | D26: Text | E26: Check out our latest text on facebook! | F26: 1570 | G26: 187 | H26: 260 | I26: 25120 | J26: 24613 | K26: 133 | L26: #TeslaCoInnovation | M26: SustainabilityDrive | N26: =(F26+G26+H26)/I26 -> 0.080294586
A27: P023 | B27: Facebook | C27: 45602 | D27: Video | E27: Check out our latest video on facebook! | F27: 1606 | G27: 547 | H27: 316 | I27: 32120 | J27: 31736 | K27: 225 | L27: #TeslaCoInnovation | M27: ModelYCampaign | N27: =(F27+G27+H27)/I27 -> 0.076867995
A28: P023 | B28: Facebook | C28: 45602 | D28: Video | E28: Check out our latest video on facebook! | F28: 1606 | G28: 547 | H28: 316 | I28: 32120 | J28: 31736 | K28: 225 | L28: #AnytimeIsTeslaTime | M28: ModelYCampaign | N28: =(F28+G28+H28)/I28 -> 0.076867995
A29: P024 | B29: Facebook | C29: 45680 | D29: Video | E29: Check out our latest video on facebook! | F29: 3961 | G29: 761 | H29: 131 | I29: 67337 | J29: 66615 | K29: 161 | L29: #FutureOfDriving | M29: FSDUpdate | N29: =(F29+G29+H29)/I29 -> 0.072070333
A30: P025 | B30: Twitter | C30: 45757 | D30: Carousel | E30: Check out our latest carousel on twitter! | F30: 3128 | G30: 211 | H30: 197 | I30: 59432 | J30: 59182 | K30: 238 | L30: #EVRevolution | N30: =(F30+G30+H30)/I30 -> 0.059496568
A31: P026 | B31: YouTube | C31: 45752 | D31: Reel | E31: Check out our latest reel on youtube! | F31: 3009 | G31: 413 | H31: 358 | I31: 42126 | J31: 41309 | K31: 211 | L31: #FutureOfDriving | M31: ModelYCampaign | N31: =(F31+G31+H31)/I31 -> 0.089730808
A32: P027 | B32: YouTube | C32: 45552 | D32: Text | E32: Check out our latest text on youtube! | F32: 2076 | G32: 195 | H32: 104 | I32: 33216 | J32: 32244 | K32: 51 | L32: #FutureOfDriving | M32: SustainabilityDrive | N32: =(F32+G32+H32)/I32 -> 0.071501686
A33: P028 | B33: Instagram | C33: 45720 | D33: Video | E33: Check out our latest video on instagram! | F33: 432 | G33: 624 | H33: 123 | I33: 6912 | J33: 6259 | K33: 79 | L33: #FutureOfDriving | M33: SustainabilityDrive | N33: =(F33+G33+H33)/I33 -> 0.17057292
A34: P029 | B34: Instagram | C34: 45688 | D34: Carousel | E34: Check out our latest carousel on instagram! | F34: 2566 | G34: 118 | H34: 37 | I34: 12830 | J34: 12264 | K34: 221 | L34: #FutureOfDriving | M34: FSDUpdate | N34: =(F34+G34+H34)/I34 -> 0.21208106
A35: P030 | B35: Instagram | C35: 45713 | D35: Video | E35: Check out our latest video on instagram! | F35: 3095 | G35: 39 | H35: 78 | I35: 55710 | J35: 54808 | K35: 93 | L35: #EVRevolution | N35: =(F35+G35+H35)/I35 -> 0.057655717
A36: P031 | B36: Instagram | C36: 45642 | D36: Text | E36: Check out our latest text on instagram! | F36: 438 | G36: 153 | H36: 275 | I36: 3066 | J36: 2701 | K36: 282 | L36: #TeslaCoInnovation | M36: ModelYCampaign | N36: =(F36+G36+H36)/I36 -> 0.28245271
A37: P032 | B37: Twitter | C37: 45504 | D37: Carousel | E37: Check out our latest carousel on twitter! | F37: 2278 | G37: 10 | H37: 321 | I37: 13668 | J37: 12676 | K37: 275 | L37: #EVRevolution | M37: CybertruckLaunch | N37: =(F37+G37+H37)/I37 -> 0.19088382
A38: P033 | B38: Facebook | C38: 45525 | D38: Image | E38: Check out our latest image on facebook! | F38: 1407 | G38: 400 | H38: 351 | I38: 16884 | J38: 15954 | K38: 113 | L38: #TeslaCoInnovation | M38: CybertruckLaunch | N38: =(F38+G38+H38)/I38 -> 0.12781331
A39: P034 | B39: Facebook | C39: 45742 | D39: Text | E39: Check out our latest text on facebook! | F39: 1652 | G39: 89 | H39: 357 | I39: 29736 | J39: 28771 | K39: 215 | L39: #TeslaCoInnovation | M39: FSDUpdate | N39: =(F39+G39+H39)/I39 -> 0.07055421
A40: P035 | B40: Instagram | C40: 45626 | D40: Video | E40: Check out our latest video on instagram! | F40: 3775 | G40: 16 | H40: 239 | I40: 33975 | J40: 33310 | K40: 271 | L40: #FutureOfDriving | M40: ModelYCampaign | N40: =(F40+G40+H40)/I40 -> 0.11861663
A41: P036 | B41: Instagram | C41: 45766 | D41: Story | E41: Check out our latest story on instagram! | F41: 4518 | G41: 285 | H41: 383 | I41: 67770 | J41: 67621 | K41: 31 | L41: #EVRevolution | M41: ModelYCampaign | N41: =(F41+G41+H41)/I41 -> 0.076523535
A42: P037 | B42: Facebook | C42: 45663 | D42: Carousel | E42: Check out our latest carousel on facebook! | F42: 3024 | G42: 925 | H42: 350 | I42: 24192 | J42: 23518 | K42: 36 | L42: #EVRevolution | M42: ModelYCampaign | N42: =(F42+G42+H42)/I42 -> 0.17770337
A43: P038 | B43: YouTube | C43: 45705 | D43: Reel | E43: Check out our latest reel on youtube! | F43: 3138 | G43: 123 | H43: 291 | I43: 28242 | J43: 27550 | K43: 87 | L43: #TeslaCoInnovation | M43: SustainabilityDrive | N43: =(F43+G43+H43)/I43 -> 0.12577013
A44: P039 | B44: Facebook | C44: 45621 | D44: Image | E44: Check out our latest image on facebook! | F44: 3564 | G44: 629 | H44: 177 | I44: 60588 | J44: 59627 | K44: 92 | L44: #TeslaCoInnovation | N44: =(F44+G44+H44)/I44 -> 0.072126494
A45: P040 | B45: Twitter | C45: 45723 | D45: Image | E45: Check out our latest image on twitter! | F45: 4750 | G45: 151 | H45: 415 | I45: 38000 | J45: 37792 | K45: 299 | L45: #EVRevolution | M45: SustainabilityDrive | N45: =(F45+G45+H45)/I45 -> 0.13989474
A46: P041 | B46: Instagram | C46: 45724 | D46: Reel | E46: Check out our latest reel on instagram! | F46: 456 | G46: 629 | H46: 428 | I46: 8208 | J46: 7377 | K46: 205 | L46: #FutureOfDriving | M46: SustainabilityDrive | N46: =(F46+G46+H46)/I46 -> 0.18433236
A47: P042 | B47: YouTube | C47: 45721 | D47: Reel | E47: Check out our latest reel on youtube! | F47: 1543 | G47: 820 | H47: 333 | I47: 12344 | J47: 11496 | K47: 241 | L47: #EVRevolution | N47: =(F47+G47+H47)/I47 -> 0.2184057
A48: P043 | B48: Instagram | C48: 45640 | D48: Carousel | E48: Check out our latest carousel on instagram! | F48: 2174 | G48: 658 | H48: 15 | I48: 13044 | J48: 12206 | K48: 137 | L48: #TeslaCoInnovation | M48: FSDUpdate | N48: =(F48+G48+H48)/I48 -> 0.21826127
A49: P044 | B49: Twitter | C49: 45718 | D49: Image | E49: Check out our latest image on twitter! | F49: 2358 | G49: 784 | H49: 344 | I49: 35370 | J49: 34475 | K49: 216 | L49: #TeslaCoInnovation | N49: =(F49+G49+H49)/I49 -> 0.0985581
A50: P045 | B50: Facebook | C50: 45597 | D50: Video | E50: Check out our latest video on facebook! | F50: 3371 | G50: 106 | H50: 327 | I50: 50565 | J50: 49816 | K50: 176 | L50: #FutureOfDriving | M50: CybertruckLaunch | N50: =(F50+G50+H50)/I50 -> 0.075229902
A51: P046 | B51: Twitter | C51: 45779 | D51: Video | E51: Check out our latest video on twitter! | F51: 1108 | G51: 177 | H51: 212 | I51: 8864 | J51: 8710 | K51: 97 | L51: #TeslaCoInnovation | M51: SustainabilityDrive | N51: =(F51+G51+H51)/I51 -> 0.16888538
A52: P047 | B52: Twitter | C52: 45712 | D52: Carousel | E52: Check out our latest carousel on twitter! | F52: 2704 | G52: 752 | H52: 153 | I52: 21632 | J52: 20792 | K52: 127 | L52: #FutureOfDriving | N52: =(F52+G52+H52)/I52 -> 0.16683617
A53: P048 | B53: Twitter | C53: 45727 | D53: Story | E53: Check out our latest story on twitter! | F53: 1950 | G53: 295 | H53: 478 | I53: 37050 | J53: 36272 | K53: 119 | L53: #TeslaCoInnovation | N53: =(F53+G53+H53)/I53 -> 0.073495277
A54: P049 | B54: Twitter | C54: 45453 | D54: Story | E54: Check out our latest story on twitter! | F54: 2164 | G54: 549 | H54: 274 | I54: 28132 | J54: 27361 | K54: 177 | L54: #TeslaCoInnovation | M54: SustainabilityDrive | N54: =(F54+G54+H54)/I54 -> 0.10617802
A55: P050 | B55: YouTube | C55: 45476 | D55: Story | E55: Check out our latest story on youtube! | F55: 2754 | G55: 130 | H55: 90 | I55: 22032 | J55: 21288 | K55: 112 | L55: #TeslaCoInnovation | M55: FSDUpdate | N55: =(F55+G55+H55)/I55 -> 0.13498548
A56: P051 | B56: Facebook | C56: 45456 | D56: Carousel | E56: Check out our latest carousel on facebook! | F56: 2200 | G56: 504 | H56: 239 | I56: 37400 | J56: 36938 | K56: 225 | L56: #FutureOfDriving | M56: ModelYCampaign | N56: =(F56+G56+H56)/I56 -> 0.07868984
A57: P052 | B57: Facebook | C57: 45660 | D57: Image | E57: Check out our latest image on facebook! | F57: 947 | G57: 338 | H57: 350 | I57: 10417 | J57: 9730 | K57: 34 | L57: #TeslaCoInnovation | M57: SustainabilityDrive | N57: =(F57+G57+H57)/I57 -> 0.15695498
A58: P053 | B58: YouTube | C58: 45712 | D58: Carousel | E58: Check out our latest carousel on youtube! | F58: 804 | G58: 639 | H58: 43 | I58: 4020 | J58: 3144 | K58: 11 | L58: #EVRevolution | N58: =(F58+G58+H58)/I58 -> 0.36965174
A59: P053 | B59: YouTube | C59: 45712 | D59: Carousel | E59: Check out our latest carousel on youtube! | F59: 804 | G59: 639 | H59: 43 | I59: 4020 | J59: 3144 | K59: 11 | L59: #BetterWithTesla | N59: =(F59+G59+H59)/I59 -> 0.36965174
A60: P054 | B60: YouTube | C60: 45729 | D60: Carousel | E60: Check out our latest carousel on youtube! | F60: 1686 | G60: 904 | H60: 472 | I60: 18546 | J60: 18171 | K60: 52 | L60: #FutureOfDriving | M60: ModelYCampaign | N60: =(F60+G60+H60)/I60 -> 0.16510299
A61: P055 | B61: Facebook | C61: 45460 | D61: Image | E61: Check out our latest image on facebook! | F61: 1226 | G61: 119 | H61: 7 | I61: 14712 | J61: 14049 | K61: 123 | L61: #EVRevolution | M61: SustainabilityDrive | N61: =(F61+G61+H61)/I61 -> 0.091897771
A62: P056 | B62: Facebook | C62: 45644 | D62: Carousel | E62: Check out our latest carousel on facebook! | F62: 2946 | G62: 498 | H62: 367 | I62: 29460 | J62: 28527 | K62: 60 | L62: #FutureOfDriving | M62: FSDUpdate | N62: =(F62+G62+H62)/I62 -> 0.12936185
A63: P057 | B63: Twitter | C63: 45586 | D63: Video | E63: Check out our latest video on twitter! | F63: 2825 | G63: 535 | H63: 295 | I63: 45200 | J63: 44739 | K63: 169 | L63: #TeslaCoInnovation | M63: CybertruckLaunch | N63: =(F63+G63+H63)/I63 -> 0.080862832
A64: P058 | B64: Instagram | C64: 45762 | D64: Reel | E64: Check out our latest reel on instagram! | F64: 103 | G64: 770 | H64: 19 | I64: 1030 | J64: 410 | K64: 262 | L64: #TeslaCoInnovation | M64: SustainabilityDrive | N64: =(F64+G64+H64)/I64 -> 0.86601942
A65: P059 | B65: Instagram | C65: 45465 | D65: Text | E65: Check out our latest text on instagram! | F65: 2180 | G65: 263 | H65: 387 | I65: 30520 | J65: 30059 | K65: 174 | L65: #EVRevolution | N65: =(F65+G65+H65)/I65 -> 0.092726081
A66: P060 | B66: Instagram | C66: 45685 | D66: Video | E66: Check out our latest video on instagram! | F66: 904 | G66: 973 | H66: 63 | I66: 11752 | J66: 11580 | K66: 84 | L66: #EVRevolution | M66: FSDUpdate | N66: =(F66+G66+H66)/I66 -> 0.16507828
A67: P060 | B67: Instagram | C67: 45685 | D67: Video | E67: Check out our latest video on instagram! | F67: 904 | G67: 973 | H67: 63 | I67: 11752 | J67: 11580 | K67: 84 | L67: #TeslaCoInnovation | M67: FSDUpdate | N67: =(F67+G67+H67)/I67 -> 0.16507828
A68: P060 | B68: Instagram | C68: 45685 | D68: Video | E68: Check out our latest video on instagram! | F68: 904 | G68: 973 | H68: 63 | I68: 11752 | J68: 11580 | K68: 84 | L68: #AnytimeIsTeslaTime | M68: FSDUpdate | N68: =(F68+G68+H68)/I68 -> 0.16507828
A69: P061 | B69: Twitter | C69: 45540 | D69: Video | E69: Check out our latest video on twitter! | F69: 4886 | G69: 983 | H69: 409 | I69: 43974 | J69: 43239 | K69: 65 | L69: #TeslaCoInnovation | M69: CybertruckLaunch | N69: =(F69+G69+H69)/I69 -> 0.14276618
A70: P062 | B70: Twitter | C70: 45618 | D70: Carousel | E70: Check out our latest carousel on twitter! | F70: 53 | G70: 81 | H70: 379 | I70: 954 | J70: 7 | K70: 148 | L70: #TeslaCoInnovation | M70: FSDUpdate | N70: =(F70+G70+H70)/I70 -> 0.53773585
A71: P063 | B71: Twitter | C71: 45504 | D71: Carousel | E71: Check out our latest carousel on twitter! | F71: 4507 | G71: 217 | H71: 13 | I71: 90140 | J71: 89591 | K71: 125 | L71: #FutureOfDriving | M71: FSDUpdate | N71: =(F71+G71+H71)/I71 -> 0.052551586
A72: P064 | B72: Facebook | C72: 45521 | D72: Image | E72: Check out our latest image on facebook! | F72: 2878 | G72: 248 | H72: 416 | I72: 43170 | J72: 42667 | K72: 75 | L72: #FutureOfDriving | M72: FSDUpdate | N72: =(F72+G72+H72)/I72 -> 0.082047718
A73: P065 | B73: Instagram | C73: 45744 | D73: Story | E73: Check out our latest story on instagram! | F73: 1881 | G73: 501 | H73: 99 | I73: 20691 | J73: 19987 | K73: 289 | L73: #EVRevolution | N73: =(F73+G73+H73)/I73 -> 0.11990721
A74: P066 | B74: Twitter | C74: 45499 | D74: Carousel | E74: Check out our latest carousel on twitter! | F74: 432 | G74: 171 | H74: 280 | I74: 3024 | J74: 2285 | K74: 184 | L74: #EVRevolution | M74: CybertruckLaunch | N74: =(F74+G74+H74)/I74 -> 0.29199735
A75: P067 | B75: Facebook | C75: 45745 | D75: Carousel | E75: Check out our latest carousel on facebook! | F75: 4712 | G75: 568 | H75: 127 | I75: 84816 | J75: 84691 | K75: 100 | L75: #EVRevolution | M75: FSDUpdate | N75: =(F75+G75+H75)/I75 -> 0.063749764
A76: P068 | B76: Instagram | C76: 45634 | D76: Story | E76: Check out our latest story on instagram! | F76: 2610 | G76: 126 | H76: 288 | I76: 15660 | J76: 15145 | K76: 73 | L76: #EVRevolution | N76: =(F76+G76+H76)/I76 -> 0.19310345
A77: P069 | B77: Twitter | C77: 45724 | D77: Text | E77: Check out our latest text on twitter! | F77: 1292 | G77: 626 | H77: 496 | I77: 25840 | J77: 24916 | K77: 149 | L77: #FutureOfDriving | M77: FSDUpdate | N77: =(F77+G77+H77)/I77 -> 0.093421053
A78: P070 | B78: Facebook | C78: 45749 | D78: Video | E78: Check out our latest video on facebook! | F78: 199 | G78: 772 | H78: 400 | I78: 3582 | J78: 2988 | K78: 43 | L78: #TeslaCoInnovation | N78: =(F78+G78+H78)/I78 -> 0.38274707
A79: P071 | B79: YouTube | C79: 45537 | D79: Carousel | E79: Check out our latest carousel on youtube! | F79: 2551 | G79: 915 | H79: 205 | I79: 30612 | J79: 30360 | K79: 227 | L79: #TeslaCoInnovation | M79: ModelYCampaign | N79: =(F79+G79+H79)/I79 -> 0.11992029
A80: P072 | B80: YouTube | C80: 45719 | D80: Reel | E80: Check out our latest reel on youtube! | F80: 296 | G80: 60 | H80: 141 | I80: 5624 | J80: 5239 | K80: 88 | L80: #EVRevolution | M80: ModelYCampaign | N80: =(F80+G80+H80)/I80 -> 0.088371266
A81: P073 | B81: Facebook | C81: 45583 | D81: Story | E81: Check out our latest story on facebook! | F81: 4126 | G81: 426 | H81: 486 | I81: 78394 | J81: 77798 | K81: 88 | L81: #FutureOfDriving | M81: SustainabilityDrive | N81: =(F81+G81+H81)/I81 -> 0.064265122
A82: P074 | B82: YouTube | C82: 45593 | D82: Reel | E82: Check out our latest reel on youtube! | F82: 1855 | G82: 200 | H82: 174 | I82: 16695 | J82: 16330 | K82: 123 | L82: #TeslaCoInnovation | M82: FSDUpdate | N82: =(F82+G82+H82)/I82 -> 0.13351303
A83: P075 | B83: Instagram | C83: 45505 | D83: Reel | E83: Check out our latest reel on instagram! | F83: 1674 | G83: 929 | H83: 37 | I83: 21762 | J83: 20998 | K83: 255 | L83: #TeslaCoInnovation | M83: SustainabilityDrive | N83: =(F83+G83+H83)/I83 -> 0.12131238
A84: P076 | B84: Twitter | C84: 45603 | D84: Story | E84: Check out our latest story on twitter! | F84: 1121 | G84: 135 | H84: 18 | I84: 15694 | J84: 14957 | K84: 99 | L84: #TeslaCoInnovation | M84: SustainabilityDrive | N84: =(F84+G84+H84)/I84 -> 0.08117752
A85: P077 | B85: Facebook | C85: 45720 | D85: Story | E85: Check out our latest story on facebook! | F85: 1249 | G85: 116 | H85: 420 | I85: 8743 | J85: 8538 | K85: 63 | L85: #TeslaCoInnovation | N85: =(F85+G85+H85)/I85 -> 0.20416333
A86: P078 | B86: Twitter | C86: 45460 | D86: Image | E86: Check out our latest image on twitter! | F86: 954 | G86: 324 | H86: 288 | I86: 19080 | J86: 18859 | K86: 21 | L86: #FutureOfDriving | M86: SustainabilityDrive | N86: =(F86+G86+H86)/I86 -> 0.082075472
A87: P079 | B87: Instagram | C87: 45574 | D87: Carousel | E87: Check out our latest carousel on instagram! | F87: 3068 | G87: 137 | H87: 329 | I87: 39884 | J87: 39404 | K87: 266 | L87: #EVRevolution | M87: ModelYCampaign | N87: =(F87+G87+H87)/I87 -> 0.08860696
A88: P080 | B88: Instagram | C88: 45456 | D88: Story | E88: Check out our latest story on instagram! | F88: 2103 | G88: 892 | H88: 103 | I88: 39957 | J88: 39466 | K88: 28 | L88: #FutureOfDriving | N88: =(F88+G88+H88)/I88 -> 0.077533348
A89: P081 | B89: Instagram | C89: 45584 | D89: Story | E89: Check out our latest story on instagram! | F89: 1816 | G89: 29 | H89: 41 | I89: 19976 | J89: 19262 | K89: 283 | L89: #TeslaCoInnovation | M89: FSDUpdate | N89: =(F89+G89+H89)/I89 -> 0.094413296
A90: P082 | B90: Instagram | C90: 45497 | D90: Image | E90: Check out our latest image on instagram! | F90: 725 | G90: 88 | H90: 428 | I90: 14500 | J90: 13637 | K90: 200 | L90: #FutureOfDriving | M90: FSDUpdate | N90: =(F90+G90+H90)/I90 -> 0.085586207
A91: P082 | B91: Instagram | C91: 45497 | D91: Image | E91: Check out our latest image on instagram! | F91: 725 | G91: 88 | H91: 428 | I91: 14500 | J91: 13637 | K91: 200 | L91: #TeslaCoInnovation | M91: FSDUpdate | N91: =(F91+G91+H91)/I91 -> 0.085586207
A92: P082 | B92: Instagram | C92: 45497 | D92: Image | E92: Check out our latest image on instagram! | F92: 725 | G92: 88 | H92: 428 | I92: 14500 | J92: 13637 | K92: 200 | L92: #AnytimeIsTeslaTime | M92: FSDUpdate | N92: =(F92+G92+H92)/I92 -> 0.085586207
A93: P083 | B93: YouTube | C93: 45580 | D93: Video | E93: Check out our latest video on youtube! | F93: 1094 | G93: 472 | H93: 21 | I93: 9846 | J93: 9609 | K93: 112 | L93: #EVRevolution | N93: =(F93+G93+H93)/I93 -> 0.16118221
A94: P084 | B94: Facebook | C94: 45635 | D94: Image | E94: Check out our latest image on facebook! | F94: 1841 | G94: 851 | H94: 342 | I94: 34979 | J94: 34154 | K94: 255 | L94: #FutureOfDriving | M94: SustainabilityDrive | N94: =(F94+G94+H94)/I94 -> 0.086737757
A95: P085 | B95: Instagram | C95: 45766 | D95: Image | E95: Check out our latest image on instagram! | F95: 4177 | G95: 569 | H95: 55 | I95: 25062 | J95: 24847 | K95: 230 | L95: #FutureOfDriving | M95: CybertruckLaunch | N95: =(F95+G95+H95)/I95 -> 0.19156492
A96: P086 | B96: YouTube | C96: 45684 | D96: Text | E96: Check out our latest text on youtube! | F96: 3428 | G96: 305 | H96: 85 | I96: 58276 | J96: 58052 | K96: 242 | L96: #EVRevolution | M96: SustainabilityDrive | N96: =(F96+G96+H96)/I96 -> 0.065515821
A97: P086 | B97: YouTube | C97: 45684 | D97: Text | E97: Check out our latest text on youtube! | F97: 3428 | G97: 305 | H97: 85 | I97: 58276 | J97: 58052 | K97: 242 | L97: #BetterWithTesla | M97: SustainabilityDrive | N97: =(F97+G97+H97)/I97 -> 0.065515821
A98: P087 | B98: Twitter | C98: 45449 | D98: Video | E98: Check out our latest video on twitter! | F98: 1436 | G98: 765 | H98: 496 | I98: 12924 | J98: 12701 | K98: 197 | L98: #FutureOfDriving | M98: FSDUpdate | N98: =(F98+G98+H98)/I98 -> 0.20868152
A99: P088 | B99: Facebook | C99: 45480 | D99: Story | E99: Check out our latest story on facebook! | F99: 302 | G99: 47 | H99: 430 | I99: 5738 | J99: 4890 | K99: 25 | L99: #TeslaCoInnovation | M99: SustainabilityDrive | N99: =(F99+G99+H99)/I99 -> 0.13576159
A100: P089 | B100: Twitter | C100: 45667 | D100: Image | E100: Check out our latest image on twitter! | F100: 2214 | G100: 249 | H100: 152 | I100: 15498 | J100: 14800 | K100: 180 | L100: #EVRevolution | N100: =(F100+G100+H100)/I100 -> 0.16873145
A101: P090 | B101: Instagram | C101: 45446 | D101: Image | E101: Check out our latest image on instagram! | F101: 3861 | G101: 960 | H101: 101 | I101: 69498 | J101: 68817 | K101: 297 | L101: #TeslaCoInnovation | M101: SustainabilityDrive | N101: =(F101+G101+H101)/I101 -> 0.070822182
A102: P091 | B102: Facebook | C102: 45740 | D102: Image | E102: Check out our latest image on facebook! | F102: 1263 | G102: 397 | H102: 357 | I102: 25260 | J102: 24615 | K102: 137 | L102: #EVRevolution | M102: SustainabilityDrive | N102: =(F102+G102+H102)/I102 -> 0.079849565
A103: P092 | B103: Twitter | C103: 45586 | D103: Story | E103: Check out our latest story on twitter! | F103: 3801 | G103: 967 | H103: 401 | I103: 38010 | J103: 37625 | K103: 236 | L103: #FutureOfDriving | M103: FSDUpdate | N103: =(F103+G103+H103)/I103 -> 0.13599053
...

Sheet TASK 2(4)
A1: Row Labels | B1: Average of Clicks
A2: #AnytimeIsTeslaTime | B2: 161.2
A3: #TeslaCoInnovation | B3: 158.65421
A4: #EVRevolution | B4: 151.52941
A5: #FutureOfDriving | B5: 144.03883
A6: #BetterWithTesla | B6: 114.85714
A7: #SmoothLikeNitroTesla | B7: 111.8
A8: Grand Total | B8: 150.58702

Sheet TASK 3(1)
A1: Week_Start_Date | B1: Platform | C1: New_Followers | D1: Unfollows | E1: Total_Followers | F1: Engagement_Rate | G1: Ad_Spend | H1: Net_Growth
A2: 2024-06-03 | B2: Instagram | C2: 1135 | D2: 88 | E2: 344084 | F2: 8.06 | G2: 5904 | H2: =C2-D2 -> 1047
A3: 2024-06-03 | B3: Facebook | C3: 1312 | D3: 310 | E3: 42654 | F3: 4.98 | G3: 9566 | H3: =C3-D3 -> 1002
A4: 2024-06-03 | B4: Twitter | C4: 584 | D4: 169 | E4: 146834 | F4: 8.31 | G4: 26752 | H4: =C4-D4 -> 415
A5: 2024-06-03 | B5: YouTube | C5: 1535 | D5: 445 | E5: 395536 | F5: 4.11 | G5: 30671 | H5: =C5-D5 -> 1090
A6: 2024-06-10 | B6: Instagram | C6: 656 | D6: 139 | E6: 49157 | F6: 9.05 | G6: 9920 | H6: =C6-D6 -> 517
A7: 2024-06-10 | B7: Facebook | C7: 1697 | D7: 414 | E7: 316555 | F7: 2.37 | G7: 7924 | H7: =C7-D7 -> 1283
A8: 2024-06-10 | B8: Twitter | C8: 436 | D8: 250 | E8: 254347 | F8: 4.01 | G8: 8912 | H8: =C8-D8 -> 186
A9: 2024-06-10 | B9: YouTube | C9: 1197 | D9: 203 | E9: 413878 | F9: 3.16 | G9: 21205 | H9: =C9-D9 -> 994
A10: 2024-06-17 | B10: Instagram | C10: 1048 | D10: 155 | E10: 456946 | F10: 2.46 | G10: 11329 | H10: =C10-D10 -> 893
A11: 2024-06-17 | B11: Facebook | C11: 1753 | D11: 371 | E11: 169496 | F11: 8.11 | G11: 46670 | H11: =C11-D11 -> 1382
A12: 2024-06-17 | B12: Twitter | C12: 1335 | D12: 40 | E12: 122732 | F12: 8.19 | G12: 22482 | H12: =C12-D12 -> 1295
A13: 2024-06-17 | B13: YouTube | C13: 403 | D13: 66 | E13: 382851 | F13: 3.49 | G13: 24313 | H13: =C13-D13 -> 337
... A201: 2025-05-12 | B201: YouTube | C201: 119 | D201: 456 | E201: 82558 | F201: 6.81 | G201: 12174 | H201: =C201-D201 -> -337

Sheet TASK 3(2)
A3: Row Labels | B3: Average of Engagement_Rate
A4: Instagram | B4: 5.7156
A5: Twitter | B5: 5.6558
A6: Facebook | B6: 5.6486
A7: YouTube | B7: 5.5588
A8: Grand Total | B8: 5.6447

Sheet TASK 3(3)
A1: Row Labels | B1: Sum of Net_Growth | C1: Average of Engagement_Rate | D1: Sum of Ad_Spend
A2: Facebook | B2: 35557 | C2: 5.6486 | D2: 1379539
A3: Instagram | B3: 48004 | C3: 5.7156 | D3: 1164373
A4: Twitter | B4: 41177 | C4: 5.6558 | D4: 1060357
A5: YouTube | B5: 35367 | C5: 5.5588 | D5: 1228647
A6: Grand Total | B6: 160105 | C6: 5.6447 | D6: 4832916

Sheet TASK 4(1)
A1: Post ID | B1: Platform | C1: Date | D1: Content Type | E1: Post Text | F1: Likes | G1: Shares | H1: Comments | I1: Impressions | J1: Reach | K1: Clicks | L1: Hashtags | M1: Campaign_Name | N1: Avg_Engagement
A2: P001 | B2: Twitter | C2: 45649 | D2: Reel | E2: Check out our latest reel on twitter! | F2: 1461 | G2: 184 | H2: 344 | I2: 21915 | J2: 21675 | K2: 15 | L2: #FutureOfDriving | M2: CybertruckLaunch | N2: 5.6558
A3: P001 | B3: Twitter | C3: 45649 | D3: Reel | E3: Check out our latest reel on twitter! | F3: 1461 | G3: 184 | H3: 344 | I3: 21915 | J3: 21675 | K3: 15 | L3: #AnytimeIsTeslaTime | M3: CybertruckLaunch | N3: 5.6558
A4: P002 | B4: Twitter | C4: 45750 | D4: Text | E4: Check out our latest text on twitter! | F4: 4054 | G4: 389 | H4: 493 | I4: 64864 | J4: 64383 | K4: 117 | L4: #TeslaCoInnovation | M4: ModelYCampaign | N4: 5.7156
A5: P002 | B5: Twitter | C5: 45750 | D5: Text | E5: Check out our latest text on twitter! | F5: 4054 | G5: 389 | H5: 493 | I5: 64864 | J5: 64383 | K5: 117 | L5: #BetterWithTesla | M5: ModelYCampaign | N5: 5.5588
A6: P003 | B6: YouTube | C6: 45789 | D6: Reel | E6: Check out our latest reel on youtube! | F6: 2795 | G6: 105 | H6: 49 | I6: 53105 | J6: 52307 | K6: 204 | L6: #TeslaCoInnovation | M6: FSDUpdate | N6: 5.5588
A7: P004 | B7: Instagram | C7: 45516 | D7: Story | E7: Check out our latest story on instagram! | F7: 2404 | G7: 363 | H7: 138 | I7: 19232 | J7: 18636 | K7: 128 | L7: #EVRevolution | M7: SustainabilityDrive | N7: 5.6486
A8: P005 | B8: YouTube | C8: 45469 | D8: Reel | E8: Check out our latest reel on youtube! | F8: 3557 | G8: 687 | H8: 424 | I8: 71140 | J8: 70701 | K8: 224 | L8: #EVRevolution | M8: CybertruckLaunch | N8: 5.6558
A9: P005 | B9: YouTube | C9: 45469 | D9: Reel | E9: Check out our latest reel on youtube! | F9: 3557 | G9: 687 | H9: 424 | I9: 71140 | J9: 70701 | K9: 224 | L9: #TeslaCoInnovation | M9: CybertruckLaunch | N9: 5.5588
A10: P006 | B10: Facebook | C10: 45596 | D10: Carousel | E10: Check out our latest carousel on facebook! | F10: 2945 | G10: 930 | H10: 355 | I10: 23560 | J10: 23275 | K10: 256 | L10: #TeslaCoInnovation | M10: ModelYCampaign | N10: 5.6486
A11: P007 | B11: Twitter | C11: 45467 | D11: Carousel | E11: Check out our latest carousel on twitter! | F11: 3860 | G11: 201 | H11: 279 | I11: 61760 | J11: 61660 | K11: 235 | L11: #TeslaCoInnovation | M11: ModelYCampaign | N11: 5.6486
A12: P008 | B12: YouTube | C12: 45486 | D12: Image | E12: Check out our latest image on youtube! | F12: 3929 | G12: 262 | H12: 278 | I12: 43219 | J12: 42841 | K12: 39 | L12: #EVRevolution | M12: SustainabilityDrive | N12: 5.7156
A13: P009 | B13: Facebook | C13: 45534 | D13: Text | E13: Check out our latest text on facebook! | F13: 3784 | G13: 808 | H13: 404 | I13: 56760 | J13: 56343 | K13: 131 | L13: #TeslaCoInnovation | M13: ModelYCampaign | N13: 5.6486
... A17: P013 | B17: YouTube | C17: 45614 | D17: Carousel | E17: Check out our latest carousel on youtube! | F17: 1171 | G17: 286 | H17: 231 | I17: 22249 | J17: 21282 | K17: 114 | L17: #EVRevolution | M17: CybertruckLaunch | N17: 5.6486
A18: P014 | B18: Facebook | C18: 45704 | D18: Story | E18: Check out our latest story on facebook! | F18: 4242 | G18: 555 | H18: 131 | I18: 33936 | J18: 33802 | K18: 265 | L18: #FutureOfDriving | N18: 5.6486
A19: P015 | B19: Facebook | C19: 45589 | D19: Video | E19: Check out our latest video on facebook! | F19: 3888 | G19: 604 | H19: 128 | I19: 77760 | J19: 77167 | K19: 20 | L19: #FutureOfDriving | M19: CybertruckLaunch | N19: 5.7156
A20: P016 | B20: Facebook | C20: 45530 | D20: Text | E20: Check out our latest text on facebook! | F20: 3452 | G20: 377 | H20: 360 | I20: 55232 | J20: 55075 | K20: 87 | L20: #FutureOfDriving | M20: FSDUpdate | N20: 5.7156
A21: P017 | B21: Facebook | C21: 45782 | D21: Text | E21: Check out our latest text on facebook! | F21: 4441 | G21: 511 | H21: 70 | I21: 53292 | J21: 53082 | K21: 159 | L21: #EVRevolution | M21: SustainabilityDrive | N21: 5.7156
A22: P018 | B22: Instagram | C22: 45523 | D22: Reel | E22: Check out our latest reel on instagram! | F22: 3000 | G22: 382 | H22: 325 | I22: 36000 | J22: 35819 | K22: 19 | L22: #FutureOfDriving | M22: CybertruckLaunch | N22: 5.7156
A23: P019 | B23: Instagram | C23: 45466 | D23: Video | E23: Check out our latest video on instagram! | F23: 1071 | G23: 519 | H23: 22 | I23: 16065 | J23: 15865 | K23: 103 | L23: #TeslaCoInnovation | M23: SustainabilityDrive | N23: 5.6486
A24: P020 | B24: Instagram | C24: 45544 | D24: Carousel | E24: Check out our latest carousel on instagram! | F24: 4054 | G24: 488 | H24: 373 | I24: 77026 | J24: 76881 | K24: 25 | L24: #TeslaCoInnovation | M24: CybertruckLaunch | N24: 5.6486
A25: P021 | B25: Instagram | C25: 45661 | D25: Reel | E25: Check out our latest reel on instagram! | F25: 4838 | G25: 640 | H25: 128 | I25: 72570 | J25: 72396 | K25: 83 | L25: #FutureOfDriving | M25: SustainabilityDrive | N25: 5.6486
A26: P022 | B26: Facebook | C26: 45715 | D26: Text | E26: Check out our latest text on facebook! | F26: 1570 | G26: 187 | H26: 260 | I26: 25120 | J26: 24613 | K26: 133 | L26: #TeslaCoInnovation | M26: SustainabilityDrive | N26: 5.6558
A27: P023 | B27: Facebook | C27: 45602 | D27: Video | E27: Check out our latest video on facebook! | F27: 1606 | G27: 547 | H27: 316 | I27: 32120 | J27: 31736 | K27: 225 | L27: #TeslaCoInnovation | M27: ModelYCampaign | N27: 5.5588
A28: P023 | B28: Facebook | C28: 45602 | D28: Video | E28: Check out our latest video on facebook! | F28: 1606 | G28: 547 | H28: 316 | I28: 32120 | J28: 31736 | K28: 225 | L28: #AnytimeIsTeslaTime | M28: ModelYCampaign | N28: 5.5588
A29: P024 | B29: Facebook | C29: 45680 | D29: Video | E29: Check out our latest video on facebook! | F29: 3961 | G29: 761 | H29: 131 | I29: 67337 | J29: 66615 | K29: 161 | L29: #FutureOfDriving | M29: FSDUpdate | N29: 5.7156
A30: P025 | B30: Twitter | C30: 45757 | D30: Carousel | E30: Check out our latest carousel on twitter! | F30: 3128 | G30: 211 | H30: 197 | I30: 59432 | J30: 59182 | K30: 238 | L30: #EVRevolution | N30: 5.7156
A31: P026 | B31: YouTube | C31: 45752 | D31: Reel | E31: Check out our latest reel on youtube! | F31: 3009 | G31: 413 | H31: 358 | I31: 42126 | J31: 41309 | K31: 211 | L31: #FutureOfDriving | M31: ModelYCampaign | N31: 5.7156
A32: P027 | B32: YouTube | C32: 45552 | D32: Text | E32: Check out our latest text on youtube! | F32: 2076 | G32: 195 | H32: 104 | I32: 33216 | J32: 32244 | K32: 51 | L32: #FutureOfDriving | M32: SustainabilityDrive | N32: 5.7156
A33: P028 | B33: Instagram | C33: 45720 | D33: Video | E33: Check out our latest video on instagram! | F33: 432 | G33: 624 | H33: 123 | I33: 6912 | J33: 6259 | K33: 79 | L33: #FutureOfDriving | M33: SustainabilityDrive | N33: 5.6558
A34: P029 | B34: Instagram | C34: 45688 | D34: Carousel | E34: Check out our latest carousel on instagram! | F34: 2566 | G34: 118 | H34: 37 | I34: 12830 | J34: 12264 | K34: 221 | L34: #FutureOfDriving | M34: FSDUpdate | N34: 5.6486
A35: P030 | B35: Instagram | C35: 45713 | D35: Video | E35: Check out our latest video on instagram! | F35: 3095 | G35: 39 | H35: 78 | I35: 55710 | J35: 54808 | K35: 93 | L35: #EVRevolution | N35: 5.6486
A36: P031 | B36: Instagram | C36: 45642 | D36: Text | E36: Check out our latest text on instagram! | F36: 438 | G36: 153 | H36: 275 | I36: 3066 | J36: 2701 | K36: 282 | L36: #TeslaCoInnovation | M36: ModelYCampaign | N36: 5.7156
A37: P032 | B37: Twitter | C37: 45504 | D37: Carousel | E37: Check out our latest carousel on twitter! | F37: 2278 | G37: 10 | H37: 321 | I37: 13668 | J37: 12676 | K37: 275 | L37: #EVRevolution | M37: CybertruckLaunch | N37: 5.7156
A38: P033 | B38: Facebook | C38: 45525 | D38: Image | E38: Check out our latest image on facebook! | F38: 1407 | G38: 400 | H38: 351 | I38: 16884 | J38: 15954 | K38: 113 | L38: #TeslaCoInnovation | M38: CybertruckLaunch | N38: 5.6486
A39: P034 | B39: Facebook | C39: 45742 | D39: Text | E39: Check out our latest text on facebook! | F39: 1652 | G39: 89 | H39: 357 | I39: 29736 | J39: 28771 | K39: 215 | L39: #TeslaCoInnovation | M39: FSDUpdate | N39: 5.5588
A40: P035 | B40: Instagram | C40: 45626 | D40: Video | E40: Check out our latest video on instagram! | F40: 3775 | G40: 16 | H40: 239 | I40: 33975 | J40: 33310 | K40: 271 | L40: #FutureOfDriving | M40: ModelYCampaign | N40: 5.6486
A41: P036 | B41: Instagram | C41: 45766 | D41: Story | E41: Check out our latest story on instagram! | F41: 4518 | G41: 285 | H41: 383 | I41: 67770 | J41: 67621 | K41: 31 | L41: #EVRevolution | M41: ModelYCampaign | N41: 5.6558
A42: P037 | B42: Facebook | C42: 45663 | D42: Carousel | E42: Check out our latest carousel on facebook! | F42: 3024 | G42: 925 | H42: 350 | I42: 24192 | J42: 23518 | K42: 36 | L42: #EVRevolution | M42: ModelYCampaign | N42: 5.7156
A43: P038 | B43: YouTube | C43: 45705 | D43: Reel | E43: Check out our latest reel on youtube! | F43: 3138 | G43: 123 | H43: 291 | I43: 28242 | J43: 27550 | K43: 87 | L43: #TeslaCoInnovation | M43: SustainabilityDrive | N43: 5.5588
A44: P039 | B44: Facebook | C44: 45621 | D44: Image | E44: Check out our latest image on facebook! | F44: 3564 | G44: 629 | H44: 177 | I44: 60588 | J44: 59627 | K44: 92 | L44: #TeslaCoInnovation | N44: 5.7156
A45: P040 | B45: Twitter | C45: 45723 | D45: Image | E45: Check out our latest image on twitter! | F45: 4750 | G45: 151 | H45: 415 | I45: 38000 | J45: 37792 | K45: 299 | L45: #EVRevolution | M45: SustainabilityDrive | N45: 5.6558
A46: P041 | B46: Instagram | C46: 45724 | D46: Reel | E46: Check out our latest reel on instagram! | F46: 456 | G46: 629 | H46: 428 | I46: 8208 | J46: 7377 | K46: 205 | L46: #FutureOfDriving | M46: SustainabilityDrive | N46: 5.6486
A47: P042 | B47: YouTube | C47: 45721 | D47: Reel | E47: Check out our latest reel on youtube! | F47: 1543 | G47: 820 | H47: 333 | I47: 12344 | J47: 11496 | K47: 241 | L47: #EVRevolution | N47: 5.6558
A48: P043 | B48: Instagram | C48: 45640 | D48: Carousel | E48: Check out our latest carousel on instagram! | F48: 2174 | G48: 658 | H48: 15 | I48: 13044 | J48: 12206 | K48: 137 | L48: #TeslaCoInnovation | M48: FSDUpdate | N48: 5.6558
A49: P044 | B49: Twitter | C49: 45718 | D49: Image | E49: Check out our latest image on twitter! | F49: 2358 | G49: 784 | H49: 344 | I49: 35370 | J49: 34475 | K49: 216 | L49: #TeslaCoInnovation | N49: 5.6558
A50: P045 | B50: Facebook | C50: 45597 | D50: Video | E50: Check out our latest video on facebook! | F50: 3371 | G50: 106 | H50: 327 | I50: 50565 | J50: 49816 | K50: 176 | L50: #FutureOfDriving | M50: CybertruckLaunch | N50: 5.6558
A51: P046 | B51: Twitter | C51: 45779 | D51: Video | E51: Check out our latest video on twitter! | F51: 1108 | G51: 177 | H51: 212 | I51: 8864 | J51: 8710 | K51: 97 | L51: #TeslaCoInnovation | M51: SustainabilityDrive | N51: 5.5588
A52: P047 | B52: Twitter | C52: 45712 | D52: Carousel | E52: Check out our latest carousel on twitter! | F52: 2704 | G52: 752 | H52: 153 | I52: 21632 | J52: 20792 | K52: 127 | L52: #FutureOfDriving | N52: 5.6486
A53: P048 | B53: Twitter | C53: 45727 | D53: Story | E53: Check out our latest story on twitter! | F53: 1950 | G53: 295 | H53: 478 | I53: 37050 | J53: 36272 | K53: 119 | L53: #TeslaCoInnovation | N53: 5.6486
A54: P049 | B54: Twitter | C54: 45453 | D54: Story | E54: Check out our latest story on twitter! | F54: 2164 | G54: 549 | H54: 274 | I54: 28132 | J54: 27361 | K54: 177 | L54: #TeslaCoInnovation | M54: SustainabilityDrive | N54: 5.5588
A55: P050 | B55: YouTube | C55: 45476 | D55: Story | E55: Check out our latest story on youtube! | F55: 2754 | G55: 130 | H55: 90 | I55: 22032 | J55: 21288 | K55: 112 | L55: #TeslaCoInnovation | M55: FSDUpdate | N55: 5.5588
A56: P051 | B56: Facebook | C56: 45456 | D56: Carousel | E56: Check out our latest carousel on facebook! | F56: 2200 | G56: 504 | H56: 239 | I56: 37400 | J56: 36938 | K56: 225 | L56: #FutureOfDriving | M56: ModelYCampaign | N56: 5.6486
A57: P052 | B57: Facebook | C57: 45660 | D57: Image | E57: Check out our latest image on facebook! | F57: 947 | G57: 338 | H57: 350 | I57: 10417 | J57: 9730 | K57: 34 | L57: #TeslaCoInnovation | M57: SustainabilityDrive | N57: 5.6486
A58: P053 | B58: YouTube | C58: 45712 | D58: Carousel | E58: Check out our latest carousel on youtube! | F58: 804 | G58: 639 | H58: 43 | I58: 4020 | J58: 3144 | K58: 11 | L58: #EVRevolution | N58: 5.6558
A59: P053 | B59: YouTube | C59: 45712 | D59: Carousel | E59: Check out our latest carousel on youtube! | F59: 804 | G59: 639 | H59: 43 | I59: 4020 | J59: 3144 | K59: 11 | L59: #BetterWithTesla | N59: 5.7156
A60: P054 | B60: YouTube | C60: 45729 | D60: Carousel | E60: Check out our latest carousel on youtube! | F60: 1686 | G60: 904 | H60: 472 | I60: 18546 | J60: 18171 | K60: 52 | L60: #FutureOfDriving | M60: ModelYCampaign | N60: 5.7156
A61: P055 | B61: Facebook | C61: 45460 | D61: Image | E61: Check out our latest image on facebook! | F61: 1226 | G61: 119 | H61: 7 | I61: 14712 | J61: 14049 | K61: 123 | L61: #EVRevolution | M61: SustainabilityDrive | N61: 5.7156
A62: P056 | B62: Facebook | C62: 45644 | D62: Carousel | E62: Check out our latest carousel on facebook! | F62: 2946 | G62: 498 | H62: 367 | I62: 29460 | J62: 28527 | K62: 60 | L62: #FutureOfDriving | M62: FSDUpdate | N62: 5.6558
A63: P057 | B63: Twitter | C63: 45586 | D63: Video | E63: Check out our latest video on twitter! | F63: 2825 | G63: 535 | H63: 295 | I63: 45200 | J63: 44739 | K63: 169 | L63: #TeslaCoInnovation | M63: CybertruckLaunch | N63: 5.6558
A64: P058 | B64: Instagram | C64: 45762 | D64: Reel | E64: Check out our latest reel on instagram! | F64: 103 | G64: 770 | H64: 19 | I64: 1030 | J64: 410 | K64: 262 | L64: #TeslaCoInnovation | M64: SustainabilityDrive | N64: 5.6558
A65: P059 | B65: Instagram | C65: 45465 | D65: Text | E65: Check out our latest text on instagram! | F65: 2180 | G65: 263 | H65: 387 | I65: 30520 | J65: 30059 | K65: 174 | L65: #EVRevolution | N65: 5.6486
A66: P060 | B66: Instagram | C66: 45685 | D66: Video | E66: Check out our latest video on instagram! | F66: 904 | G66: 973 | H66: 63 | I66: 11752 | J66: 11580 | K66: 84 | L66: #EVRevolution | M66: FSDUpdate | N66: 5.7156
A67: P060 | B67: Instagram | C67: 45685 | D67: Video | E67: Check out our latest video on instagram! | F67: 904 | G67: 973 | H67: 63 | I67: 11752 | J67: 11580 | K67: 84 | L67: #TeslaCoInnovation | M67: FSDUpdate | N67: 5.6558
A68: P060 | B68: Instagram | C68: 45685 | D68: Video | E68: Check out our latest video on instagram! | F68: 904 | G68: 973 | H68: 63 | I68: 11752 | J68: 11580 | K68: 84 | L68: #AnytimeIsTeslaTime | M68: FSDUpdate | N68: 5.6486
A69: P061 | B69: Twitter | C69: 45540 | D69: Video | E69: Check out our latest video on twitter! | F69: 4886 | G69: 983 | H69: 409 | I69: 43974 | J69: 43239 | K69: 65 | L69: #TeslaCoInnovation | M69: CybertruckLaunch | N69: 5.7156
A70: P062 | B70: Twitter | C70: 45618 | D70: Carousel | E70: Check out our latest carousel on twitter! | F70: 53 | G70: 81 | H70: 379 | I70: 954 | J70: 7 | K70: 148 | L70: #TeslaCoInnovation | M70: FSDUpdate | N70: 5.6558
A71: P063 | B71: Twitter | C71: 45504 | D71: Carousel | E71: Check out our latest carousel on twitter! | F71: 4507 | G71: 217 | H71: 13 | I71: 90140 | J71: 89591 | K71: 125 | L71: #FutureOfDriving | M71: FSDUpdate | N71: 5.6486
A72: P064 | B72: Facebook | C72: 45521 | D72: Image | E72: Check out our latest image on facebook! | F72: 2878 | G72: 248 | H72: 416 | I72: 43170 | J72: 42667 | K72: 75 | L72: #FutureOfDriving | M72: FSDUpdate | N72: 5.5588
A73: P065 | B73: Instagram | C73: 45744 | D73: Story | E73: Check out our latest story on instagram! | F73: 1881 | G73: 501 | H73: 99 | I73: 20691 | J73: 19987 | K73: 289 | L73: #EVRevolution | N73: 5.5588
A74: P066 | B74: Twitter | C74: 45499 | D74: Carousel | E74: Check out our latest carousel on twitter! | F74: 432 | G74: 171 | H74: 280 | I74: 3024 | J74: 2285 | K74: 184 | L74: #EVRevolution | M74: CybertruckLaunch | N74: 5.6486
A75: P067 | B75: Facebook | C75: 45745 | D75: Carousel | E75: Check out our latest carousel on facebook! | F75: 4712 | G75: 568 | H75: 127 | I75: 84816 | J75: 84691 | K75: 100 | L75: #EVRevolution | M75: FSDUpdate | N75: 5.5588
A76: P068 | B76: Instagram | C76: 45634 | D76: Story | E76: Check out our latest story on instagram! | F76: 2610 | G76: 126 | H76: 288 | I76: 15660 | J76: 15145 | K76: 73 | L76: #EVRevolution | N76: 5.7156
A77: P069 | B77: Twitter | C77: 45724 | D77: Text | E77: Check out our latest text on twitter! | F77: 1292 | G77: 626 | H77: 496 | I77: 25840 | J77: 24916 | K77: 149 | L77: #FutureOfDriving | M77: FSDUpdate | N77: 5.6558
A78: P070 | B78: Facebook | C78: 45749 | D78: Video | E78: Check out our latest video on facebook! | F78: 199 | G78: 772 | H78: 400 | I78: 3582 | J78: 2988 | K78: 43 | L78: #TeslaCoInnovation | N78: 5.6486
A79: P071 | B79: YouTube | C79: 45537 | D79: Carousel | E79: Check out our latest carousel on youtube! | F79: 2551 | G79: 915 | H79: 205 | I79: 30612 | J79: 30360 | K79: 227 | L79: #TeslaCoInnovation | M79: ModelYCampaign | N79: 5.6558
A80: P072 | B80: YouTube | C80: 45719 | D80: Reel | E80: Check out our latest reel on youtube! | F80: 296 | G80: 60 | H80: 141 | I80: 5624 | J80: 5239 | K80: 88 | L80: #EVRevolution | M80: ModelYCampaign | N80: 5.7156
A81: P073 | B81: Facebook | C81: 45583 | D81: Story | E81: Check out our latest story on facebook! | F81: 4126 | G81: 426 | H81: 486 | I81: 78394 | J81: 77798 | K81: 88 | L81: #FutureOfDriving | M81: SustainabilityDrive | N81: 5.7156
A82: P074 | B82: YouTube | C82: 45593 | D82: Reel | E82: Check out our latest reel on youtube! | F82: 1855 | G82: 200 | H82: 174 | I82: 16695 | J82: 16330 | K82: 123 | L82: #TeslaCoInnovation | M82: FSDUpdate | N82: 5.7156
A83: P075 | B83: Instagram | C83: 45505 | D83: Reel | E83: Check out our latest reel on instagram! | F83: 1674 | G83: 929 | H83: 37 | I83: 21762 | J83: 20998 | K83: 255 | L83: #TeslaCoInnovation | M83: SustainabilityDrive | N83: 5.7156
A84: P076 | B84: Twitter | C84: 45603 | D84: Story | E84: Check out our latest story on twitter! | F84: 1121 | G84: 135 | H84: 18 | I84: 15694 | J84: 14957 | K84: 99 | L84: #TeslaCoInnovation | M84: SustainabilityDrive | N84: 5.5588
A85: P077 | B85: Facebook | C85: 45720 | D85: Story | E85: Check out our latest story on facebook! | F85: 1249 | G85: 116 | H85: 420 | I85: 8743 | J85: 8538 | K85: 63 | L85: #TeslaCoInnovation | N85: 5.6486
A86: P078 | B86: Twitter | C86: 45460 | D86: Image | E86: Check out our latest image on twitter! | F86: 954 | G86: 324 | H86: 288 | I86: 19080 | J86: 18859 | K86: 21 | L86: #FutureOfDriving | M86: SustainabilityDrive | N86: 5.7156
A87: P079 | B87: Instagram | C87: 45574 | D87: Carousel | E87: Check out our latest carousel on instagram! | F87: 3068 | G87: 137 | H87: 329 | I87: 39884 | J87: 39404 | K87: 266 | L87: #EVRevolution | M87: ModelYCampaign | N87: 5.5588
A88: P080 | B88: Instagram | C88: 45456 | D88: Story | E88: Check out our latest story on instagram! | F88: 2103 | G88: 892 | H88: 103 | I88: 39957 | J88: 39466 | K88: 28 | L88: #FutureOfDriving | N88: 5.6558
A89: P081 | B89: Instagram | C89: 45584 | D89: Story | E89: Check out our latest story on instagram! | F89: 1816 | G89: 29 | H89: 41 | I89: 19976 | J89: 19262 | K89: 283 | L89: #TeslaCoInnovation | M89: FSDUpdate | N89: 5.6486
A90: P082 | B90: Instagram | C90: 45497 | D90: Image | E90: Check out our latest image on instagram! | F90: 725 | G90: 88 | H90: 428 | I90: 14500 | J90: 13637 | K90: 200 | L90: #FutureOfDriving | M90: FSDUpdate | N90: 5.6558
A91: P082 | B91: Instagram | C91: 45497 | D91: Image | E91: Check out our latest image on instagram! | F91: 725 | G91: 88 | H91: 428 | I91: 14500 | J91: 13637 | K91: 200 | L91: #TeslaCoInnovation | M91: FSDUpdate | N91: 5.7156
A92: P082 | B92: Instagram | C92: 45497 | D92: Image | E92: Check out our latest image on instagram! | F92: 725 | G92: 88 | H92: 428 | I92: 14500 | J92: 13637 | K92: 200 | L92: #AnytimeIsTeslaTime | M92: FSDUpdate | N92: 5.6486
A93: P083 | B93: YouTube | C93: 45580 | D93: Video | E93: Check out our latest video on youtube! | F93: 1094 | G93: 472 | H93: 21 | I93: 9846 | J93: 9609 | K93: 112 | L93: #EVRevolution | N93: 5.6558
A94: P084 | B94: Facebook | C94: 45635 | D94: Image | E94: Check out our latest image on facebook! | F94: 1841 | G94: 851 | H94: 342 | I94: 34979 | J94: 34154 | K94: 255 | L94: #FutureOfDriving | M94: SustainabilityDrive | N94: 5.7156
A95: P085 | B95: Instagram | C95: 45766 | D95: Image | E95: Check out our latest image on instagram! | F95: 4177 | G95: 569 | H95: 55 | I95: 25062 | J95: 24847 | K95: 230 | L95: #FutureOfDriving | M95: CybertruckLaunch | N95: 5.7156
A96: P086 | B96: YouTube | C96: 45684 | D96: Text | E96: Check out our latest text on youtube! | F96: 3428 | G96: 305 | H96: 85 | I96: 58276 | J96: 58052 | K96: 242 | L96: #EVRevolution | M96: SustainabilityDrive | N96: 5.7156
A97: P086 | B97: YouTube | C97: 45684 | D97: Text | E97: Check out our latest text on youtube! | F97: 3428 | G97: 305 | H97: 85 | I97: 58276 | J97: 58052 | K97: 242 | L97: #BetterWithTesla | M97: SustainabilityDrive | N97: 5.6558
A98: P087 | B98: Twitter | C98: 45449 | D98: Video | E98: Check out our latest video on twitter! | F98: 1436 | G98: 765 | H98: 496 | I98: 12924 | J98: 12701 | K98: 197 | L98: #FutureOfDriving | M98: FSDUpdate | N98: 5.7156
A99: P088 | B99: Facebook | C99: 45480 | D99: Story | E99: Check out our latest story on facebook! | F99: 302 | G99: 47 | H99: 430 | I99: 5738 | J99: 4890 | K99: 25 | L99: #TeslaCoInnovation | M99: SustainabilityDrive | N99: 5.6558
A100: P089 | B100: Twitter | C100: 45667 | D100: Image | E100: Check out our latest image on twitter! | F100: 2214 | G100: 249 | H100: 152 | I100: 15498 | J100: 14800 | K100: 180 | L100: #EVRevolution | N100: 5.5588
A101: P090 | B101: Instagram | C101: 45446 | D101: Image | E101: Check out our latest image on instagram! | F101: 3861 | G101: 960 | H101: 101 | I101: 69498 | J101: 68817 | K101: 297 | L101: #TeslaCoInnovation | M101: SustainabilityDrive | N101: 5.5588
A102: P091 | B102: Facebook | C102: 45740 | D102: Image | E102: Check out our latest image on facebook! | F102: 1263 | G102: 397 | H102: 357 | I102: 25260 | J102: 24615 | K102: 137 | L102: #EVRevolution | M102: SustainabilityDrive | N102: 5.5588
A103: P092 | B103: Twitter | C103: 45586 | D103: Story | E103: Check out our latest story on twitter! | F103: 3801 | G103: 967 | H103: 401 | I103: 38010 | J103: 37625 | K103: 236 | L103: #FutureOfDriving | M103: FSDUpdate | N103: 5.6558
...

Sheet TASK 4(2)
A3: Row Labels | B3: Count of Hashtags | C3: Average of Engagement_Rate
A4: #TeslaCoInnovation | B4: 5350 | C4: 5.6482243
A5: #FutureOfDriving | B5: 5150 | C5: 5.6563417
A6: #EVRevolution | B6: 5100 | C6: 5.6477804
A7: #AnytimeIsTeslaTime | B7: 750 | C7: 5.6509067
A8: #BetterWithTesla | B8: 350 | C8: 5.6345714
A9: #SmoothLikeNitroTesla | B9: 250 | C9: 5.65292
A10: Grand Total | B10: 16950 | C10: 5.6504631

Sheet TASK 4(3)
A3: Row Labels | B3: Average of Engagement_Rate
A4: Story | B4: 5.6596333
A5: Carousel | B5: 5.6538806
A6: Image | B6: 5.6516722
A7: Video | B7: 5.6479804
A8: Text | B8: 5.64565
A9: Reel | B9: 5.6429434
A10: Grand Total | B10: 5.6504631

Sheet TASK 5(1)
A1: Post ID | B1: Platform | C1: Date | D1: Content Type | E1: Post Text | F1: Likes | G1: Shares | H1: Comments | I1: Impressions | J1: Reach | K1: Clicks | L1: Hashtags Used | M1: Campaign_Name | N1: Sheet5.Total_Followers_Gained | O1: Sheet5.Total_Unfollows | P1: Sheet5.Avg_Engagement | Q1: Sheet5.Total_Ad_Spend | R1: ROI | S1: sum o fgrowth
A2: P001 | B2: Twitter | C2: 45649 | D2: Reel | E2: Check out our latest reel on twitter! | F2: 1461 | G2: 184 | H2: 344 | I2: 21915 | J2: 21675 | K2: 15 | L2: #FutureOfDriving | M2: CybertruckLaunch | N2: 53484 | O2: 12307 | P2: 5.6558 | Q2: 1060357 | R2: =(F2+K2)/Q2 -> 0.001391984 | S2: =N2-O2 -> 41177
A3: P002 | B3: Twitter | C3: 45750 | D3: Text | E3: Check out our latest text on twitter! | F3: 4054 | G3: 389 | H3: 493 | I3: 64864 | J3: 64383 | K3: 117 | L3: #TeslaCoInnovation | M3: ModelYCampaign | N3: 53484 | O3: 12307 | P3: 5.6558 | Q3: 1060357 | R3: =(F3+K3)/Q3 -> 0.0039335809 | S3: =N3-O3 -> 41177
A4: P004 | B4: Instagram | C4: 45516 | D4: Story | E4: Check out our latest story on instagram! | F4: 2404 | G4: 363 | H4: 138 | I4: 19232 | J4: 18636 | K4: 128 | L4: #EVRevolution | M4: SustainabilityDrive | N4: 58311 | O4: 10307 | P4: 5.7156 | Q4: 1164373 | R4: =(F4+K4)/Q4 -> 0.0021745609 | S4: =N4-O4 -> 48004
A5: P003 | B5: YouTube | C5: 45789 | D5: Reel | E5: Check out our latest reel on youtube! | F5: 2795 | G5: 105 | H5: 49 | I5: 53105 | J5: 52307 | K5: 204 | L5: #TeslaCoInnovation | M5: FSDUpdate | N5: 47471 | O5: 12104 | P5: 5.5588 | Q5: 1228647 | R5: =(F5+K5)/Q5 -> 0.0024408964 | S5: =N5-O5 -> 35367
A6: P005 | B6: YouTube | C6: 45469 | D6: Reel | E6: Check out our latest reel on youtube! | F6: 3557 | G6: 687 | H6: 424 | I6: 71140 | J6: 70701 | K6: 224 | L6: #EVRevolution | M6: CybertruckLaunch | N6: 47471 | O6: 12104 | P6: 5.5588 | Q6: 1228647 | R6: =(F6+K6)/Q6 -> 0.0030773688 | S6: =N6-O6 -> 35367
A7: P006 | B7: Facebook | C7: 45596 | D7: Carousel | E7: Check out our latest carousel on facebook! | F7: 2945 | G7: 930 | H7: 355 | I7: 23560 | J7: 23275 | K7: 256 | L7: #TeslaCoInnovation | M7: ModelYCampaign | N7: 50862 | O7: 15305 | P7: 5.6486 | Q7: 1379539 | R7: =(F7+K7)/Q7 -> 0.0023203403 | S7: =N7-O7 -> 35557
A8: P007 | B8: Twitter | C8: 45467 | D8: Carousel | E8: Check out our latest carousel on twitter! | F8: 3860 | G8: 201 | H8: 279 | I8: 61760 | J8: 61660 | K8: 235 | L8: #TeslaCoInnovation | M8: ModelYCampaign | N8: 53484 | O8: 12307 | P8: 5.6558 | Q8: 1060357 | R8: =(F8+K8)/Q8 -> 0.0038619069 | S8: =N8-O8 -> 41177
A9: P008 | B9: YouTube | C9: 45486 | D9: Image | E9: Check out our latest image on youtube! | F9: 3929 | G9: 262 | H9: 278 | I9: 43219 | J9: 42841 | K9: 39 | L9: #EVRevolution | M9: SustainabilityDrive | N9: 47471 | O9: 12104 | P9: 5.5588 | Q9: 1228647 | R9: =(F9+K9)/Q9 -> 0.0032295688 | S9: =N9-O9 -> 35367
A10: P009 | B10: Facebook | C10: 45534 | D10: Text | E10: Check out our latest text on facebook! | F10: 3784 | G10: 808 | H10: 404 | I10: 56760 | J10: 56343 | K10: 131 | L10: #TeslaCoInnovation | M10: ModelYCampaign | N10: 50862 | O10: 15305 | P10: 5.6486 | Q10: 1379539 | R10: =(F10+K10)/Q10 -> 0.0028379045 | S10: =N10-O10 -> 35557
A11: P010 | B11: Facebook | C11: 45727 | D11: Image | E11: Check out our latest image on facebook! | F11: 4241 | G11: 902 | H11: 47 | I11: 72097 | J11: 71598 | K11: 167 | L11: #TeslaCoInnovation | M11: ModelYCampaign | N11: 50862 | O11: 15305 | P11: 5.6486 | Q11: 1379539 | R11: =(F11+K11)/Q11 -> 0.0031952703 | S11: =N11-O11 -> 35557
A12: P011 | B12: Instagram | C12: 45690 | D12: Story | E12: Check out our latest story on instagram! | F12: 1792 | G12: 614 | H12: 497 | I12: 25088 | J12: 24675 | K12: 65 | L12: #FutureOfDriving | M12: SustainabilityDrive | N12: 58311 | O12: 10307 | P12: 5.7156 | Q12: 1164373 | R12: =(F12+K12)/Q12 -> 0.0015948498 | S12: =N12-O12 -> 48004
A13: P012 | B13: Facebook | C13: 45494 | D13: Reel | E13: Check out our latest reel on facebook! | F13: 1946 | G13: 686 | H13: 377 | I13: 23352 | J13: 22982 | K13: 213 | L13: #FutureOfDriving | M13: FSDUpdate | N13: 50862 | O13: 15305 | P13: 5.6486 | Q13: 1379539 | R13: =(F13+K13)/Q13 -> 0.0015650156 | S13: =N13-O13 -> 35557
A14: P013 | B14: YouTube | C14: 45614 | D14: Carousel | E14: Check out our latest carousel on youtube! | F14: 1171 | G14: 286 | H14: 231 | I14: 22249 | J14: 21282 | K14: 114 | L14: #EVRevolution | M14: CybertruckLaunch | N14: 47471 | O14: 12104 | P14: 5.5588 | Q14: 1228647 | R14: =(F14+K14)/Q14 -> 0.0010458659 | S14: =N14-O14 -> 35367
A15: P014 | B15: Facebook | C15: 45704 | D15: Story | E15: Check out our latest story on facebook! | F15: 4242 | G15: 555 | H15: 131 | I15: 33936 | J15: 33802 | K15: 265 | L15: #FutureOfDriving | N15: 50862 | O15: 15305 | P15: 5.6486 | Q15: 1379539 | R15: =(F15+K15)/Q15 -> 0.0032670334 | S15: =N15-O15 -> 35557
A16: P015 | B16: Facebook | C16: 45589 | D16: Video | E16: Check out our latest video on facebook! | F16: 3888 | G16: 604 | H16: 128 | I16: 77760 | J16: 77167 | K16: 20 | L16: #FutureOfDriving | M16: CybertruckLaunch | N16: 50862 | O16: 15305 | P16: 5.6486 | Q16: 1379539 | R16: =(F16+K16)/Q16 -> 0.0028328304 | S16: =N16-O16 -> 35557
A17: P016 | B17: Facebook | C17: 45530 | D17: Text | E17: Check out our latest text on facebook! | F17: 3452 | G17: 377 | H17: 360 | I17: 55232 | J17: 55075 | K17: 87 | L17: #FutureOfDriving | M17: FSDUpdate | N17: 50862 | O17: 15305 | P17: 5.6486 | Q17: 1379539 | R17: =(F17+K17)/Q17 -> 0.0025653497 | S17: =N17-O17 -> 35557
A18: P017 | B18: Facebook | C18: 45782 | D18: Text | E18: Check out our latest text on facebook! | F18: 4441 | G18: 511 | H18: 70 | I18: 53292 | J18: 53082 | K18: 159 | L18: #EVRevolution | M18: SustainabilityDrive | N18: 50862 | O18: 15305 | P18: 5.6486 | Q18: 1379539 | R18: =(F18+K18)/Q18 -> 0.0033344472 | S18: =N18-O18 -> 35557
A19: P018 | B19: Instagram | C19: 45523 | D19: Reel | E19: Check out our latest reel on instagram! | F19: 3000 | G19: 382 | H19: 325 | I19: 36000 | J19: 35819 | K19: 19 | L19: #FutureOfDriving | M19: CybertruckLaunch | N19: 58311 | O19: 10307 | P19: 5.7156 | Q19: 1164373 | R19: =(F19+K19)/Q19 -> 0.0025928118 | S19: =N19-O19 -> 48004
A20: P019 | B20: Instagram | C20: 45466 | D20: Video | E20: Check out our latest video on instagram! | F20: 1071 | G20: 519 | H20: 22 | I20: 16065 | J20: 15865 | K20: 103 | L20: #TeslaCoInnovation | M20: SustainabilityDrive | N20: 58311 | O20: 10307 | P20: 5.7156 | Q20: 1164373 | R20: =(F20+K20)/Q20 -> 0.001008268 | S20: =N20-O20 -> 48004
A21: P020 | B21: Instagram | C21: 45544 | D21: Carousel | E21: Check out our latest carousel on instagram! | F21: 4054 | G21: 488 | H21: 373 | I21: 77026 | J21: 76881 | K21: 25 | L21: #TeslaCoInnovation | M21: CybertruckLaunch | N21: 58311 | O21: 10307 | P21: 5.7156 | Q21: 1164373 | R21: =(F21+K21)/Q21 -> 0.003503173 | S21: =N21-O21 -> 48004
A22: P021 | B22: Instagram | C22: 45661 | D22: Reel | E22: Check out our latest reel on instagram! | F22: 4838 | G22: 640 | H22: 128 | I22: 72570 | J22: 72396 | K22: 83 | L22: #FutureOfDriving | M22: SustainabilityDrive | N22: 58311 | O22: 10307 | P22: 5.7156 | Q22: 1164373 | R22: =(F22+K22)/Q22 -> 0.0042263089 | S22: =N22-O22 -> 48004
A23: P022 | B23: Facebook | C23: 45715 | D23: Text | E23: Check out our latest text on facebook! | F23: 1570 | G23: 187 | H23: 260 | I23: 25120 | J23: 24613 | K23: 133 | L23: #TeslaCoInnovation | M23: SustainabilityDrive | N23: 50862 | O23: 15305 | P23: 5.6486 | Q23: 1379539 | R23: =(F23+K23)/Q23 -> 0.0012344704 | S23: =N23-O23 -> 35557
A24: P023 | B24: Facebook | C24: 45602 | D24: Video | E24: Check out our latest video on facebook! | F24: 1606 | G24: 547 | H24: 316 | I24: 32120 | J24: 31736 | K24: 225 | L24: #TeslaCoInnovation | M24: ModelYCampaign | N24: 50862 | O24: 15305 | P24: 5.6486 | Q24: 1379539 | R24: =(F24+K24)/Q24 -> 0.001327255 | S24: =N24-O24 -> 35557
A25: P024 | B25: Facebook | C25: 45680 | D25: Video | E25: Check out our latest video on facebook! | F25: 3961 | G25: 761 | H25: 131 | I25: 67337 | J25: 66615 | K25: 161 | L25: #FutureOfDriving | M25: FSDUpdate | N25: 50862 | O25: 15305 | P25: 5.6486 | Q25: 1379539 | R25: =(F25+K25)/Q25 -> 0.0029879547 | S25: =N25-O25 -> 35557
A26: P025 | B26: Twitter | C26: 45757 | D26: Carousel | E26: Check out our latest carousel on twitter! | F26: 3128 | G26: 211 | H26: 197 | I26: 59432 | J26: 59182 | K26: 238 | L26: #EVRevolution | N26: 53484 | O26: 12307 | P26: 5.6558 | Q26: 1060357 | R26: =(F26+K26)/Q26 -> 0.0031744026 | S26: =N26-O26 -> 41177
A27: P026 | B27: YouTube | C27: 45752 | D27: Reel | E27: Check out our latest reel on youtube! | F27: 3009 | G27: 413 | H27: 358 | I27: 42126 | J27: 41309 | K27: 211 | L27: #FutureOfDriving | M27: ModelYCampaign | N27: 47471 | O27: 12104 | P27: 5.5588 | Q27: 1228647 | R27: =(F27+K27)/Q27 -> 0.002620769 | S27: =N27-O27 -> 35367
A28: P027 | B28: YouTube | C28: 45552 | D28: Text | E28: Check out our latest text on youtube! | F28: 2076 | G28: 195 | H28: 104 | I28: 33216 | J28: 32244 | K28: 51 | L28: #FutureOfDriving | M28: SustainabilityDrive | N28: 47471 | O28: 12104 | P28: 5.5588 | Q28: 1228647 | R28: =(F28+K28)/Q28 -> 0.0017311726 | S28: =N28-O28 -> 35367
A29: P028 | B29: Instagram | C29: 45720 | D29: Video | E29: Check out our latest video on instagram! | F29: 432 | G29: 624 | H29: 123 | I29: 6912 | J29: 6259 | K29: 79 | L29: #FutureOfDriving | M29: SustainabilityDrive | N29: 58311 | O29: 10307 | P29: 5.7156 | Q29: 1164373 | R29: =(F29+K29)/Q29 -> 0.0004388628 | S29: =N29-O29 -> 48004
A30: P029 | B30: Instagram | C30: 45688 | D30: Carousel | E30: Check out our latest carousel on instagram! | F30: 2566 | G30: 118 | H30: 37 | I30: 12830 | J30: 12264 | K30: 221 | L30: #FutureOfDriving | M30: FSDUpdate | N30: 58311 | O30: 10307 | P30: 5.7156 | Q30: 1164373 | R30: =(F30+K30)/Q30 -> 0.0023935629 | S30: =N30-O30 -> 48004
A31: P030 | B31: Instagram | C31: 45713 | D31: Video | E31: Check out our latest video on instagram! | F31: 3095 | G31: 39 | H31: 78 | I31: 55710 | J31: 54808 | K31: 93 | L31: #EVRevolution | N31: 58311 | O31: 10307 | P31: 5.7156 | Q31: 1164373 | R31: =(F31+K31)/Q31 -> 0.0027379542 | S31: =N31-O31 -> 48004
A32: P031 | B32: Instagram | C32: 45642 | D32: Text | E32: Check out our latest text on instagram! | F32: 438 | G32: 153 | H32: 275 | I32: 3066 | J32: 2701 | K32: 282 | L32: #TeslaCoInnovation | M32: ModelYCampaign | N32: 58311 | O32: 10307 | P32: 5.7156 | Q32: 1164373 | R32: =(F32+K32)/Q32 -> 0.00061835855 | S32: =N32-O32 -> 48004
A33: P032 | B33: Twitter | C33: 45504 | D33: Carousel | E33: Check out our latest carousel on twitter! | F33: 2278 | G33: 10 | H33: 321 | I33: 13668 | J33: 12676 | K33: 275 | L33: #EVRevolution | M33: CybertruckLaunch | N33: 53484 | O33: 12307 | P33: 5.6558 | Q33: 1060357 | R33: =(F33+K33)/Q33 -> 0.0024076797 | S33: =N33-O33 -> 41177
A34: P033 | B34: Facebook | C34: 45525 | D34: Image | E34: Check out our latest image on facebook! | F34: 1407 | G34: 400 | H34: 351 | I34: 16884 | J34: 15954 | K34: 113 | L34: #TeslaCoInnovation | M34: CybertruckLaunch | N34: 50862 | O34: 15305 | P34: 5.6486 | Q34: 1379539 | R34: =(F34+K34)/Q34 -> 0.0011018173 | S34: =N34-O34 -> 35557
A35: P034 | B35: Facebook | C35: 45742 | D35: Text | E35: Check out our latest text on facebook! | F35: 1652 | G35: 89 | H35: 357 | I35: 29736 | J35: 28771 | K35: 215 | L35: #TeslaCoInnovation | M35: FSDUpdate | N35: 50862 | O35: 15305 | P35: 5.6486 | Q35: 1379539 | R35: =(F35+K35)/Q35 -> 0.0013533506 | S35: =N35-O35 -> 35557
A36: P035 | B36: Instagram | C36: 45626 | D36: Video | E36: Check out our latest video on instagram! | F36: 3775 | G36: 16 | H36: 239 | I36: 33975 | J36: 33310 | K36: 271 | L36: #FutureOfDriving | M36: ModelYCampaign | N36: 58311 | O36: 10307 | P36: 5.7156 | Q36: 1164373 | R36: =(F36+K36)/Q36 -> 0.0034748315 | S36: =N36-O36 -> 48004
A37: P036 | B37: Instagram | C37: 45766 | D37: Story | E37: Check out our latest story on instagram! | F37: 4518 | G37: 285 | H37: 383 | I37: 67770 | J37: 67621 | K37: 31 | L37: #EVRevolution | M37: ModelYCampaign | N37: 58311 | O37: 10307 | P37: 5.7156 | Q37: 1164373 | R37: =(F37+K37)/Q37 -> 0.0039068237 | S37: =N37-O37 -> 48004
A38: P037 | B38: Facebook | C38: 45663 | D38: Carousel | E38: Check out our latest carousel on facebook! | F38: 3024 | G38: 925 | H38: 350 | I38: 24192 | J38: 23518 | K38: 36 | L38: #EVRevolution | M38: ModelYCampaign | N38: 50862 | O38: 15305 | P38: 5.6486 | Q38: 1379539 | R38: =(F38+K38)/Q38 -> 0.0022181323 | S38: =N38-O38 -> 35557
A39: P038 | B39: YouTube | C39: 45705 | D39: Reel | E39: Check out our latest reel on youtube! | F39: 3138 | G39: 123 | H39: 291 | I39: 28242 | J39: 27550 | K39: 87 | L39: #TeslaCoInnovation | M39: SustainabilityDrive | N39: 47471 | O39: 12104 | P39: 5.5588 | Q39: 1228647 | R39: =(F39+K39)/Q39 -> 0.0026248385 | S39: =N39-O39 -> 35367
A40: P039 | B40: Facebook | C40: 45621 | D40: Image | E40: Check out our latest image on facebook! | F40: 3564 | G40: 629 | H40: 177 | I40: 60588 | J40: 59627 | K40: 92 | L40: #TeslaCoInnovation | N40: 50862 | O40: 15305 | P40: 5.6486 | Q40: 1379539 | R40: =(F40+K40)/Q40 -> 0.0026501607 | S40: =N40-O40 -> 35557
A41: P040 | B41: Twitter | C41: 45723 | D41: Image | E41: Check out our latest image on twitter! | F41: 4750 | G41: 151 | H41: 415 | I41: 38000 | J41: 37792 | K41: 299 | L41: #EVRevolution | M41: SustainabilityDrive | N41: 53484 | O41: 12307 | P41: 5.6558 | Q41: 1060357 | R41: =(F41+K41)/Q41 -> 0.0047616039 | S41: =N41-O41 -> 41177
A42: P041 | B42: Instagram | C42: 45724 | D42: Reel | E42: Check out our latest reel on instagram! | F42: 456 | G42: 629 | H42: 428 | I42: 8208 | J42: 7377 | K42: 205 | L42: #FutureOfDriving | M42: SustainabilityDrive | N42: 58311 | O42: 10307 | P42: 5.7156 | Q42: 1164373 | R42: =(F42+K42)/Q42 -> 0.0005676875 | S42: =N42-O42 -> 48004
A43: P042 | B43: YouTube | C43: 45721 | D43: Reel | E43: Check out our latest reel on youtube! | F43: 1543 | G43: 820 | H43: 333 | I43: 12344 | J43: 11496 | K43: 241 | L43: #EVRevolution | N43: 47471 | O43: 12104 | P43: 5.5588 | Q43: 1228647 | R43: =(F43+K43)/Q43 -> 0.0014520037 | S43: =N43-O43 -> 35367
A44: P043 | B44: Instagram | C44: 45640 | D44: Carousel | E44: Check out our latest carousel on instagram! | F44: 2174 | G44: 658 | H44: 15 | I44: 13044 | J44: 12206 | K44: 137 | L44: #TeslaCoInnovation | M44: FSDUpdate | N44: 58311 | O44: 10307 | P44: 5.7156 | Q44: 1164373 | R44: =(F44+K44)/Q44 -> 0.0019847592 | S44: =N44-O44 -> 48004
A45: P044 | B45: Twitter | C45: 45718 | D45: Image | E45: Check out our latest image on twitter! | F45: 2358 | G45: 784 | H45: 344 | I45: 35370 | J45: 34475 | K45: 216 | L45: #TeslaCoInnovation | N45: 53484 | O45: 12307 | P45: 5.6558 | Q45: 1060357 | R45: =(F45+K45)/Q45 -> 0.0024274843 | S45: =N45-O45 -> 41177
A46: P045 | B46: Facebook | C46: 45597 | D46: Video | E46: Check out our latest video on facebook! | F46: 3371 | G46: 106 | H46: 327 | I46: 50565 | J46: 49816 | K46: 176 | L46: #FutureOfDriving | M46: CybertruckLaunch | N46: 50862 | O46: 15305 | P46: 5.6486 | Q46: 1379539 | R46: =(F46+K46)/Q46 -> 0.0025711488 | S46: =N46-O46 -> 35557
A47: P046 | B47: Twitter | C47: 45779 | D47: Video | E47: Check out our latest video on twitter! | F47: 1108 | G47: 177 | H47: 212 | I47: 8864 | J47: 8710 | K47: 97 | L47: #TeslaCoInnovation | M47: SustainabilityDrive | N47: 53484 | O47: 12307 | P47: 5.6558 | Q47: 1060357 | R47: =(F47+K47)/Q47 -> 0.0011364097 | S47: =N47-O47 -> 41177
A48: P047 | B48: Twitter | C48: 45712 | D48: Carousel | E48: Check out our latest carousel on twitter! | F48: 2704 | G48: 752 | H48: 153 | I48: 21632 | J48: 20792 | K48: 127 | L48: #FutureOfDriving | N48: 53484 | O48: 12307 | P48: 5.6558 | Q48: 1060357 | R48: =(F48+K48)/Q48 -> 0.0026698555 | S48: =N48-O48 -> 41177
A49: P048 | B49: Twitter | C49: 45727 | D49: Story | E49: Check out our latest story on twitter! | F49: 1950 | G49: 295 | H49: 478 | I49: 37050 | J49: 36272 | K49: 119 | L49: #TeslaCoInnovation | N49: 53484 | O49: 12307 | P49: 5.6558 | Q49: 1060357 | R49: =(F49+K49)/Q49 -> 0.0019512296 | S49: =N49-O49 -> 41177
A50: P049 | B50: Twitter | C50: 45453 | D50: Story | E50: Check out our latest story on twitter! | F50: 2164 | G50: 549 | H50: 274 | I50: 28132 | J50: 27361 | K50: 177 | L50: #TeslaCoInnovation | M50: SustainabilityDrive | N50: 53484 | O50: 12307 | P50: 5.6558 | Q50: 1060357 | R50: =(F50+K50)/Q50 -> 0.002207747 | S50: =N50-O50 -> 41177
A51: P050 | B51: YouTube | C51: 45476 | D51: Story | E51: Check out our latest story on youtube! | F51: 2754 | G51: 130 | H51: 90 | I51: 22032 | J51: 21288 | K51: 112 | L51: #TeslaCoInnovation | M51: FSDUpdate | N51: 47471 | O51: 12104 | P51: 5.5588 | Q51: 1228647 | R51: =(F51+K51)/Q51 -> 0.0023326472 | S51: =N51-O51 -> 35367
A52: P051 | B52: Facebook | C52: 45456 | D52: Carousel | E52: Check out our latest carousel on facebook! | F52: 2200 | G52: 504 | H52: 239 | I52: 37400 | J52: 36938 | K52: 225 | L52: #FutureOfDriving | M52: ModelYCampaign | N52: 50862 | O52: 15305 | P52: 5.6486 | Q52: 1379539 | R52: =(F52+K52)/Q52 -> 0.0017578336 | S52: =N52-O52 -> 35557
A53: P052 | B53: Facebook | C53: 45660 | D53: Image | E53: Check out our latest image on facebook! | F53: 947 | G53: 338 | H53: 350 | I53: 10417 | J53: 9730 | K53: 34 | L53: #TeslaCoInnovation | M53: SustainabilityDrive | N53: 50862 | O53: 15305 | P53: 5.6486 | Q53: 1379539 | R53: =(F53+K53)/Q53 -> 0.00071110712 | S53: =N53-O53 -> 35557
A54: P053 | B54: YouTube | C54: 45712 | D54: Carousel | E54: Check out our latest carousel on youtube! | F54: 804 | G54: 639 | H54: 43 | I54: 4020 | J54: 3144 | K54: 11 | L54: #EVRevolution | N54: 47471 | O54: 12104 | P54: 5.5588 | Q54: 1228647 | R54: =(F54+K54)/Q54 -> 0.00066333129 | S54: =N54-O54 -> 35367
A55: P054 | B55: YouTube | C55: 45729 | D55: Carousel | E55: Check out our latest carousel on youtube! | F55: 1686 | G55: 904 | H55: 472 | I55: 18546 | J55: 18171 | K55: 52 | L55: #FutureOfDriving | M55: ModelYCampaign | N55: 47471 | O55: 12104 | P55: 5.5588 | Q55: 1228647 | R55: =(F55+K55)/Q55 -> 0.0014145642 | S55: =N55-O55 -> 35367
A56: P055 | B56: Facebook | C56: 45460 | D56: Image | E56: Check out our latest image on facebook! | F56: 1226 | G56: 119 | H56: 7 | I56: 14712 | J56: 14049 | K56: 123 | L56: #EVRevolution | M56: SustainabilityDrive | N56: 50862 | O56: 15305 | P56: 5.6486 | Q56: 1379539 | R56: =(F56+K56)/Q56 -> 0.00097786289 | S56: =N56-O56 -> 35557
A57: P056 | B57: Facebook | C57: 45644 | D57: Carousel | E57: Check out our latest carousel on facebook! | F57: 2946 | G57: 498 | H57: 367 | I57: 29460 | J57: 28527 | K57: 60 | L57: #FutureOfDriving | M57: FSDUpdate | N57: 50862 | O57: 15305 | P57: 5.6486 | Q57: 1379539 | R57: =(F57+K57)/Q57 -> 0.0021789888 | S57: =N57-O57 -> 35557
A58: P057 | B58: Twitter | C58: 45586 | D58: Video | E58: Check out our latest video on twitter! | F58: 2825 | G58: 535 | H58: 295 | I58: 45200 | J58: 44739 | K58: 169 | L58: #TeslaCoInnovation | M58: CybertruckLaunch | N58: 53484 | O58: 12307 | P58: 5.6558 | Q58: 1060357 | R58: =(F58+K58)/Q58 -> 0.0028235773 | S58: =N58-O58 -> 41177
A59: P058 | B59: Instagram | C59: 45762 | D59: Reel | E59: Check out our latest reel on instagram! | F59: 103 | G59: 770 | H59: 19 | I59: 1030 | J59: 410 | K59: 262 | L59: #TeslaCoInnovation | M59: SustainabilityDrive | N59: 58311 | O59: 10307 | P59: 5.7156 | Q59: 1164373 | R59: =(F59+K59)/Q59 -> 0.00031347343 | S59: =N59-O59 -> 48004
A60: P059 | B60: Instagram | C60: 45465 | D60: Text | E60: Check out our latest text on instagram! | F60: 2180 | G60: 263 | H60: 387 | I60: 30520 | J60: 30059 | K60: 174 | L60: #EVRevolution | N60: 58311 | O60: 10307 | P60: 5.7156 | Q60: 1164373 | R60: =(F60+K60)/Q60 -> 0.0020216889 | S60: =N60-O60 -> 48004
A61: P060 | B61: Instagram | C61: 45685 | D61: Video | E61: Check out our latest video on instagram! | F61: 904 | G61: 973 | H61: 63 | I61: 11752 | J61: 11580 | K61: 84 | L61: #EVRevolution | M61: FSDUpdate | N61: 58311 | O61: 10307 | P61: 5.7156 | Q61: 1164373 | R61: =(F61+K61)/Q61 -> 0.00084852534 | S61: =N61-O61 -> 48004
A62: P061 | B62: Twitter | C62: 45540 | D62: Video | E62: Check out our latest video on twitter! | F62: 4886 | G62: 983 | H62: 409 | I62: 43974 | J62: 43239 | K62: 65 | L62: #TeslaCoInnovation | M62: CybertruckLaunch | N62: 53484 | O62: 12307 | P62: 5.6558 | Q62: 1060357 | R62: =(F62+K62)/Q62 -> 0.0046691822 | S62: =N62-O62 -> 41177
A63: P062 | B63: Twitter | C63: 45618 | D63: Carousel | E63: Check out our latest carousel on twitter! | F63: 53 | G63: 81 | H63: 379 | I63: 954 | J63: 7 | K63: 148 | L63: #TeslaCoInnovation | M63: FSDUpdate | N63: 53484 | O63: 12307 | P63: 5.6558 | Q63: 1060357 | R63: =(F63+K63)/Q63 -> 0.0001895588 | S63: =N63-O63 -> 41177
A64: P063 | B64: Twitter | C64: 45504 | D64: Carousel | E64: Check out our latest carousel on twitter! | F64: 4507 | G64: 217 | H64: 13 | I64: 90140 | J64: 89591 | K64: 125 | L64: #FutureOfDriving | M64: FSDUpdate | N64: 53484 | O64: 12307 | P64: 5.6558 | Q64: 1060357 | R64: =(F64+K64)/Q64 -> 0.0043683401 | S64: =N64-O64 -> 41177
A65: P064 | B65: Facebook | C65: 45521 | D65: Image | E65: Check out our latest image on facebook! | F65: 2878 | G65: 248 | H65: 416 | I65: 43170 | J65: 42667 | K65: 75 | L65: #FutureOfDriving | M65: FSDUpdate | N65: 50862 | O65: 15305 | P65: 5.6486 | Q65: 1379539 | R65: =(F65+K65)/Q65 -> 0.0021405701 | S65: =N65-O65 -> 35557
A66: P065 | B66: Instagram | C66: 45744 | D66: Story | E66: Check out our latest story on instagram! | F66: 1881 | G66: 501 | H66: 99 | I66: 20691 | J66: 19987 | K66: 289 | L66: #EVRevolution | N66: 58311 | O66: 10307 | P66: 5.7156 | Q66: 1164373 | R66: =(F66+K66)/Q66 -> 0.001863664 | S66: =N66-O66 -> 48004
A67: P066 | B67: Twitter | C67: 45499 | D67: Carousel | E67: Check out our latest carousel on twitter! | F67: 432 | G67: 171 | H67: 280 | I67: 3024 | J67: 2285 | K67: 184 | L67: #EVRevolution | M67: CybertruckLaunch | N67: 53484 | O67: 12307 | P67: 5.6558 | Q67: 1060357 | R67: =(F67+K67)/Q67 -> 0.00058093642 | S67: =N67-O67 -> 41177
A68: P067 | B68: Facebook | C68: 45745 | D68: Carousel | E68: Check out our latest carousel on facebook! | F68: 4712 | G68: 568 | H68: 127 | I68: 84816 | J68: 84691 | K68: 100 | L68: #EVRevolution | M68: FSDUpdate | N68: 50862 | O68: 15305 | P68: 5.6486 | Q68: 1379539 | R68: =(F68+K68)/Q68 -> 0.0034881218 | S68: =N68-O68 -> 35557
A69: P068 | B69: Instagram | C69: 45634 | D69: Story | E69: Check out our latest story on instagram! | F69: 2610 | G69: 126 | H69: 288 | I69: 15660 | J69: 15145 | K69: 73 | L69: #EVRevolution | N69: 58311 | O69: 10307 | P69: 5.7156 | Q69: 1164373 | R69: =(F69+K69)/Q69 -> 0.0023042444 | S69: =N69-O69 -> 48004
A70: P069 | B70: Twitter | C70: 45724 | D70: Text | E70: Check out our latest text on twitter! | F70: 1292 | G70: 626 | H70: 496 | I70: 25840 | J70: 24916 | K70: 149 | L70: #FutureOfDriving | M70: FSDUpdate | N70: 53484 | O70: 12307 | P70: 5.6558 | Q70: 1060357 | R70: =(F70+K70)/Q70 -> 0.0013589763 | S70: =N70-O70 -> 41177
A71: P070 | B71: Facebook | C71: 45749 | D71: Video | E71: Check out our latest video on facebook! | F71: 199 | G71: 772 | H71: 400 | I71: 3582 | J71: 2988 | K71: 43 | L71: #TeslaCoInnovation | N71: 50862 | O71: 15305 | P71: 5.6486 | Q71: 1379539 | R71: =(F71+K71)/Q71 -> 0.00017542092 | S71: =N71-O71 -> 35557
A72: P071 | B72: YouTube | C72: 45537 | D72: Carousel | E72: Check out our latest carousel on youtube! | F72: 2551 | G72: 915 | H72: 205 | I72: 30612 | J72: 30360 | K72: 227 | L72: #TeslaCoInnovation | M72: ModelYCampaign | N72: 47471 | O72: 12104 | P72: 5.5588 | Q72: 1228647 | R72: =(F72+K72)/Q72 -> 0.0022610237 | S72: =N72-O72 -> 35367
A73: P072 | B73: YouTube | C73: 45719 | D73: Reel | E73: Check out our latest reel on youtube! | F73: 296 | G73: 60 | H73: 141 | I73: 5624 | J73: 5239 | K73: 88 | L73: #EVRevolution | M73: ModelYCampaign | N73: 47471 | O73: 12104 | P73: 5.5588 | Q73: 1228647 | R73: =(F73+K73)/Q73 -> 0.00031253891 | S73: =N73-O73 -> 35367
A74: P073 | B74: Facebook | C74: 45583 | D74: Story | E74: Check out our latest story on facebook! | F74: 4126 | G74: 426 | H74: 486 | I74: 78394 | J74: 77798 | K74: 88 | L74: #FutureOfDriving | M74: SustainabilityDrive | N74: 50862 | O74: 15305 | P74: 5.6486 | Q74: 1379539 | R74: =(F74+K74)/Q74 -> 0.0030546436 | S74: =N74-O74 -> 35557
A75: P074 | B75: YouTube | C75: 45593 | D75: Reel | E75: Check out our latest reel on youtube! | F75: 1855 | G75: 200 | H75: 174 | I75: 16695 | J75: 16330 | K75: 123 | L75: #TeslaCoInnovation | M75: FSDUpdate | N75: 47471 | O75: 12104 | P75: 5.5588 | Q75: 1228647 | R75: =(F75+K75)/Q75 -> 0.001609901 | S75: =N75-O75 -> 35367
A76: P075 | B76: Instagram | C76: 45505 | D76: Reel | E76: Check out our latest reel on instagram! | F76: 1674 | G76: 929 | H76: 37 | I76: 21762 | J76: 20998 | K76: 255 | L76: #TeslaCoInnovation | M76: SustainabilityDrive | N76: 58311 | O76: 10307 | P76: 5.7156 | Q76: 1164373 | R76: =(F76+K76)/Q76 -> 0.0016566856 | S76: =N76-O76 -> 48004
A77: P076 | B77: Twitter | C77: 45603 | D77: Story | E77: Check out our latest story on twitter! | F77: 1121 | G77: 135 | H77: 18 | I77: 15694 | J77: 14957 | K77: 99 | L77: #TeslaCoInnovation | M77: SustainabilityDrive | N77: 53484 | O77: 12307 | P77: 5.6558 | Q77: 1060357 | R77: =(F77+K77)/Q77 -> 0.0011505559 | S77: =N77-O77 -> 41177
A78: P077 | B78: Facebook | C78: 45720 | D78: Story | E78: Check out our latest story on facebook! | F78: 1249 | G78: 116 | H78: 420 | I78: 8743 | J78: 8538 | K78: 63 | L78: #TeslaCoInnovation | N78: 50862 | O78: 15305 | P78: 5.6486 | Q78: 1379539 | R78: =(F78+K78)/Q78 -> 0.00095104234 | S78: =N78-O78 -> 35557
A79: P078 | B79: Twitter | C79: 45460 | D79: Image | E79: Check out our latest image on twitter! | F79: 954 | G79: 324 | H79: 288 | I79: 19080 | J79: 18859 | K79: 21 | L79: #FutureOfDriving | M79: SustainabilityDrive | N79: 53484 | O79: 12307 | P79: 5.6558 | Q79: 1060357 | R79: =(F79+K79)/Q79 -> 0.00091950164 | S79: =N79-O79 -> 41177
A80: P079 | B80: Instagram | C80: 45574 | D80: Carousel | E80: Check out our latest carousel on instagram! | F80: 3068 | G80: 137 | H80: 329 | I80: 39884 | J80: 39404 | K80: 266 | L80: #EVRevolution | M80: ModelYCampaign | N80: 58311 | O80: 10307 | P80: 5.7156 | Q80: 1164373 | R80: =(F80+K80)/Q80 -> 0.0028633436 | S80: =N80-O80 -> 48004
A81: P080 | B81: Instagram | C81: 45456 | D81: Story | E81: Check out our latest story on instagram! | F81: 2103 | G81: 892 | H81: 103 | I81: 39957 | J81: 39466 | K81: 28 | L81: #FutureOfDriving | N81: 58311 | O81: 10307 | P81: 5.7156 | Q81: 1164373 | R81: =(F81+K81)/Q81 -> 0.0018301695 | S81: =N81-O81 -> 48004
A82: P081 | B82: Instagram | C82: 45584 | D82: Story | E82: Check out our latest story on instagram! | F82: 1816 | G82: 29 | H82: 41 | I82: 19976 | J82: 19262 | K82: 283 | L82: #TeslaCoInnovation | M82: FSDUpdate | N82: 58311 | O82: 10307 | P82: 5.7156 | Q82: 1164373 | R82: =(F82+K82)/Q82 -> 0.0018026869 | S82: =N82-O82 -> 48004
A83: P082 | B83: Instagram | C83: 45497 | D83: Image | E83: Check out our latest image on instagram! | F83: 725 | G83: 88 | H83: 428 | I83: 14500 | J83: 13637 | K83: 200 | L83: #FutureOfDriving | M83: FSDUpdate | N83: 58311 | O83: 10307 | P83: 5.7156 | Q83: 1164373 | R83: =(F83+K83)/Q83 -> 0.00079441897 | S83: =N83-O83 -> 48004
A84: P083 | B84: YouTube | C84: 45580 | D84: Video | E84: Check out our latest video on youtube! | F84: 1094 | G84: 472 | H84: 21 | I84: 9846 | J84: 9609 | K84: 112 | L84: #EVRevolution | N84: 47471 | O84: 12104 | P84: 5.5588 | Q84: 1228647 | R84: =(F84+K84)/Q84 -> 0.00098156753 | S84: =N84-O84 -> 35367
A85: P084 | B85: Facebook | C85: 45635 | D85: Image | E85: Check out our latest image on facebook! | F85: 1841 | G85: 851 | H85: 342 | I85: 34979 | J85: 34154 | K85: 255 | L85: #FutureOfDriving | M85: SustainabilityDrive | N85: 50862 | O85: 15305 | P85: 5.6486 | Q85: 1379539 | R85: =(F85+K85)/Q85 -> 0.0015193481 | S85: =N85-O85 -> 35557
A86: P085 | B86: Instagram | C86: 45766 | D86: Image | E86: Check out our latest image on instagram! | F86: 4177 | G86: 569 | H86: 55 | I86: 25062 | J86: 24847 | K86: 230 | L86: #FutureOfDriving | M86: CybertruckLaunch | N86: 58311 | O86: 10307 | P86: 5.7156 | Q86: 1164373 | R86: =(F86+K86)/Q86 -> 0.0037848696 | S86: =N86-O86 -> 48004
A87: P086 | B87: YouTube | C87: 45684 | D87: Text | E87: Check out our latest text on youtube! | F87: 3428 | G87: 305 | H87: 85 | I87: 58276 | J87: 58052 | K87: 242 | L87: #EVRevolution | M87: SustainabilityDrive | N87: 47471 | O87: 12104 | P87: 5.5588 | Q87: 1228647 | R87: =(F87+K87)/Q87 -> 0.0029870256 | S87: =N87-O87 -> 35367
A88: P087 | B88: Twitter | C88: 45449 | D88: Video | E88: Check out our latest video on twitter! | F88: 1436 | G88: 765 | H88: 496 | I88: 12924 | J88: 12701 | K88: 197 | L88: #FutureOfDriving | M88: FSDUpdate | N88: 53484 | O88: 12307 | P88: 5.6558 | Q88: 1060357 | R88: =(F88+K88)/Q88 -> 0.0015400474 | S88: =N88-O88 -> 41177
A89: P088 | B89: Facebook | C89: 45480 | D89: Story | E89: Check out our latest story on facebook! | F89: 302 | G89: 47 | H89: 430 | I89: 5738 | J89: 4890 | K89: 25 | L89: #TeslaCoInnovation | M89: SustainabilityDrive | N89: 50862 | O89: 15305 | P89: 5.6486 | Q89: 1379539 | R89: =(F89+K89)/Q89 -> 0.00023703571 | S89: =N89-O89 -> 35557
A90: P089 | B90: Twitter | C90: 45667 | D90: Image | E90: Check out our latest image on twitter! | F90: 2214 | G90: 249 | H90: 152 | I90: 15498 | J90: 14800 | K90: 180 | L90: #EVRevolution | N90: 53484 | O90: 12307 | P90: 5.6558 | Q90: 1060357 | R90: =(F90+K90)/Q90 -> 0.0022577302 | S90: =N90-O90 -> 41177
A91: P090 | B91: Instagram | C91: 45446 | D91: Image | E91: Check out our latest image on instagram! | F91: 3861 | G91: 960 | H91: 101 | I91: 69498 | J91: 68817 | K91: 297 | L91: #TeslaCoInnovation | M91: SustainabilityDrive | N91: 58311 | O91: 10307 | P91: 5.7156 | Q91: 1164373 | R91: =(F91+K91)/Q91 -> 0.0035710206 | S91: =N91-O91 -> 48004
A92: P091 | B92: Facebook | C92: 45740 | D92: Image | E92: Check out our latest image on facebook! | F92: 1263 | G92: 397 | H92: 357 | I92: 25260 | J92: 24615 | K92: 137 | L92: #EVRevolution | M92: SustainabilityDrive | N92: 50862 | O92: 15305 | P92: 5.6486 | Q92: 1379539 | R92: =(F92+K92)/Q92 -> 0.0010148318 | S92: =N92-O92 -> 35557
A93: P092 | B93: Twitter | C93: 45586 | D93: Story | E93: Check out our latest story on twitter! | F93: 3801 | G93: 967 | H93: 401 | I93: 38010 | J93: 37625 | K93: 236 | L93: #FutureOfDriving | M93: FSDUpdate | N93: 53484 | O93: 12307 | P93: 5.6558 | Q93: 1060357 | R93: =(F93+K93)/Q93 -> 0.0038072083 | S93: =N93-O93 -> 41177
A94: P093 | B94: Instagram | C94: 45637 | D94: Video | E94: Check out our latest video on instagram! | F94: 1431 | G94: 951 | H94: 26 | I94: 8586 | J94: 8396 | K94: 150 | L94: #EVRevolution | M94: FSDUpdate | N94: 58311 | O94: 10307 | P94: 5.7156 | Q94: 1164373 | R94: =(F94+K94)/Q94 -> 0.0013578123 | S94: =N94-O94 -> 48004
A95: P094 | B95: Instagram | C95: 45603 | D95: Image | E95: Check out our latest image on instagram! | F95: 2647 | G95: 304 | H95: 170 | I95: 18529 | J95: 17841 | K95: 46 | L95: #FutureOfDriving | M95: FSDUpdate | N95: 58311 | O95: 10307 | P95: 5.7156 | Q95: 1164373 | R95: =(F95+K95)/Q95 -> 0.0023128327 | S95: =N95-O95 -> 48004
A96: P095 | B96: Instagram | C96: 45604 | D96: Text | E96: Check out our latest text on instagram! | F96: 3182 | G96: 559 | H96: 160 | I96: 57276 | J96: 56890 | K96: 163 | L96: #FutureOfDriving | M96: SustainabilityDrive | N96: 58311 | O96: 10307 | P96: 5.7156 | Q96: 1164373 | R96: =(F96+K96)/Q96 -> 0.0028727908 | S96: =N96-O96 -> 48004
A97: P096 | B97: Twitter | C97: 45545 | D97: Image | E97: Check out our latest image on twitter! | F97: 1238 | G97: 366 | H97: 444 | I97: 19808 | J97: 19334 | K97: 123 | L97: #FutureOfDriving | N97: 53484 | O97: 12307 | P97: 5.6558 | Q97: 1060357 | R97: =(F97+K97)/Q97 -> 0.00128353 | S97: =N97-O97 -> 41177
A98: P097 | B98: Instagram | C98: 45517 | D98: Image | E98: Check out our latest image on instagram! | F98: 4739 | G98: 527 | H98: 135 | I98: 61607 | J98: 61333 | K98: 36 | L98: #TeslaCoInnovation | M98: ModelYCampaign | N98: 58311 | O98: 10307 | P98: 5.7156 | Q98: 1164373 | R98: =(F98+K98)/Q98 -> 0.0041009196 | S98: =N98-O98 -> 48004
A99: P098 | B99: Twitter | C99: 45453 | D99: Story | E99: Check out our latest story on twitter! | F99: 1575 | G99: 771 | H99: 486 | I99: 25200 | J99: 24826 | K99: 17 | L99: #FutureOfDriving | M99: SustainabilityDrive | N99: 53484 | O99: 12307 | P99: 5.6558 | Q99: 1060357 | R99: =(F99+K99)/Q99 -> 0.0015013811 | S99: =N99-O99 -> 41177
A100: P099 | B100: YouTube | C100: 45475 | D100: Carousel | E100: Check out our latest carousel on youtube! | F100: 4171 | G100: 548 | H100: 86 | I100: 66736 | J100: 66634 | K100: 173 | L100: #FutureOfDriving | M100: FSDUpdate | N100: 47471 | O100: 12104 | P100: 5.5588 | Q100: 1228647 | R100: =(F100+K100)/Q100 -> 0.0035355965 | S100: =N100-O100 -> 35367
...

Sheet TASK 5(2)
A3: Row Labels | B3: Sum of Impressions | C3: Sum of Likes | D3: Sum of Clicks | E3: Average of Likes | F3: Average of Clicks
A4: CybertruckLaunch | B4: 1846272 | C4: 138793 | D4: 6434 | E4: 2891.5208 | F4: 134.04167
A5: FSDUpdate | B5: 2266053 | C5: 183346 | D5: 10032 | E5: 2736.5075 | F5: 149.73134
A6: ModelYCampaign | B6: 1986356 | C6: 159783 | D6: 9872 | E6: 2754.8793 | F6: 170.2069
A7: SustainabilityDrive | B7: 2464864 | C7: 187909 | D7: 10689 | E7: 2646.6056 | F7: 150.5493
A8: (blank) | B8: 1830608 | C8: 150160 | D8: 8339 | E8: 2681.4286 | F8: 148.91071
A9: Grand Total | B9: 10394153 | C9: 819991 | D9: 45366 | E9: 2733.3033 | F9: 151.22

Sheet TASK 5(3)
A3: Row Labels | B3: Average of Avg_Engagement | C3: Average of ROI | D3: Sum of sum o fgrowth | E3: Total AVG DATA
A4: CybertruckLaunch | B4: 5.655425 | C4: 0.002560128 | D4: 1963774 | E4: =(B4+C4+D4)/3 -> 654593.22
A5: FSDUpdate | B5: 5.6478955 | C5: 0.0023492499 | D5: 2656474 | E5: =(B5+C5+D5)/3 -> 885493.22
A6: ModelYCampaign | B6: 5.6436759 | C6: 0.0024161583 | D6: 2320238 | E6: =(B6+C6+D6)/3 -> 773414.55
A7: SustainabilityDrive | B7: 5.6549493 | C7: 0.0023488595 | D7: 2888210 | E7: =(B7+C7+D7)/3 -> 962738.55
A8: (blank) | B8: 5.6507071 | C8: 0.0023529734 | D8: 2254487 | E8: =(B8+C8+D8)/3 -> 751497.55
A9: Grand Total | B9: 5.6504787 | C9: 0.0023965287 | D9: 12083183 | E9: =(B9+C9+D9)/3 -> 4027729.6

Sheet TASK 6(1)
A1: Post ID | B1: Platform | C1: Date | D1: Content Type | E1: Post Text | F1: Likes | G1: Shares | H1: Comments | I1: Impressions | J1: Reach | K1: Clicks | L1: Hashtags Used | M1: Campaign_Name | N1: Total_Followers_Gained | O1: Total_Unfollows | P1: Avg_Engagement | Q1: Total_Ad_Spend | R1: ROI | S1: growth_of_followers | T1: Week | U1: Moving Average
A2: P001 | B2: Twitter | C2: 45649 | D2: Reel | E2: Check out our latest reel on twitter! | F2: 1461 | G2: 184 | H2: 344 | I2: 21915 | J2: 21675 | K2: 15 | L2: #FutureOfDriving | M2: CybertruckLaunch | N2: 53484 | O2: 12307 | P2: 5.6558 | Q2: 1060357 | R2: =(F2+K2)/Q2 -> 0.001391984 | S2: =N2-O2 -> 41177 | T2: =WEEKNUM(C2) -> 52 | U2: =AVERAGE(S2:S4) -> 43452.667
A3: P002 | B3: Twitter | C3: 45750 | D3: Text | E3: Check out our latest text on twitter! | F3: 4054 | G3: 389 | H3: 493 | I3: 64864 | J3: 64383 | K3: 117 | L3: #TeslaCoInnovation | M3: ModelYCampaign | N3: 53484 | O3: 12307 | P3: 5.6558 | Q3: 1060357 | R3: =(F3+K3)/Q3 -> 0.0039335809 | S3: =N3-O3 -> 41177 | T3: =WEEKNUM(C3) -> 14 | U3: =AVERAGE(S3:S5) -> 41516
A4: P004 | B4: Instagram | C4: 45516 | D4: Story | E4: Check out our latest story on instagram! | F4: 2404 | G4: 363 | H4: 138 | I4: 19232 | J4: 18636 | K4: 128 | L4: #EVRevolution | M4: SustainabilityDrive | N4: 58311 | O4: 10307 | P4: 5.7156 | Q4: 1164373 | R4: =(F4+K4)/Q4 -> 0.0021745609 | S4: =N4-O4 -> 48004 | T4: =WEEKNUM(C4) -> 33 | U4: =AVERAGE(S4:S6) -> 39579.333
A5: P003 | B5: YouTube | C5: 45789 | D5: Reel | E5: Check out our latest reel on youtube! | F5: 2795 | G5: 105 | H5: 49 | I5: 53105 | J5: 52307 | K5: 204 | L5: #TeslaCoInnovation | M5: FSDUpdate | N5: 47471 | O5: 12104 | P5: 5.5588 | Q5: 1228647 | R5: =(F5+K5)/Q5 -> 0.0024408964 | S5: =N5-O5 -> 35367 | T5: =WEEKNUM(C5) -> 20 | U5: =AVERAGE(S5:S7) -> 35430.333
A6: P005 | B6: YouTube | C6: 45469 | D6: Reel | E6: Check out our latest reel on youtube! | F6: 3557 | G6: 687 | H6: 424 | I6: 71140 | J6: 70701 | K6: 224 | L6: #EVRevolution | M6: CybertruckLaunch | N6: 47471 | O6: 12104 | P6: 5.5588 | Q6: 1228647 | R6: =(F6+K6)/Q6 -> 0.0030773688 | S6: =N6-O6 -> 35367 | T6: =WEEKNUM(C6) -> 26 | U6: =AVERAGE(S6:S8) -> 37367
A7: P006 | B7: Facebook | C7: 45596 | D7: Carousel | E7: Check out our latest carousel on facebook! | F7: 2945 | G7: 930 | H7: 355 | I7: 23560 | J7: 23275 | K7: 256 | L7: #TeslaCoInnovation | M7: ModelYCampaign | N7: 50862 | O7: 15305 | P7: 5.6486 | Q7: 1379539 | R7: =(F7+K7)/Q7 -> 0.0023203403 | S7: =N7-O7 -> 35557 | T7: =WEEKNUM(C7) -> 44 | U7: =AVERAGE(S7:S9) -> 37367
A8: P007 | B8: Twitter | C8: 45467 | D8: Carousel | E8: Check out our latest carousel on twitter! | F8: 3860 | G8: 201 | H8: 279 | I8: 61760 | J8: 61660 | K8: 235 | L8: #TeslaCoInnovation | M8: ModelYCampaign | N8: 53484 | O8: 12307 | P8: 5.6558 | Q8: 1060357 | R8: =(F8+K8)/Q8 -> 0.0038619069 | S8: =N8-O8 -> 41177 | T8: =WEEKNUM(C8) -> 26 | U8: =AVERAGE(S8:S10) -> 37367
A9: P008 | B9: YouTube | C9: 45486 | D9: Image | E9: Check out our latest image on youtube! | F9: 3929 | G9: 262 | H9: 278 | I9: 43219 | J9: 42841 | K9: 39 | L9: #EVRevolution | M9: SustainabilityDrive | N9: 47471 | O9: 12104 | P9: 5.5588 | Q9: 1228647 | R9: =(F9+K9)/Q9 -> 0.0032295688 | S9: =N9-O9 -> 35367 | T9: =WEEKNUM(C9) -> 28 | U9: =AVERAGE(S9:S11) -> 35493.667
A10: P009 | B10: Facebook | C10: 45534 | D10: Text | E10: Check out our latest text on facebook! | F10: 3784 | G10: 808 | H10: 404 | I10: 56760 | J10: 56343 | K10: 131 | L10: #TeslaCoInnovation | M10: ModelYCampaign | N10: 50862 | O10: 15305 | P10: 5.6486 | Q10: 1379539 | R10: =(F10+K10)/Q10 -> 0.0028379045 | S10: =N10-O10 -> 35557 | T10: =WEEKNUM(C10) -> 35 | U10: =AVERAGE(S10:S12) -> 39706
A11: P010 | B11: Facebook | C11: 45727 | D11: Image | E11: Check out our latest image on facebook! | F11: 4241 | G11: 902 | H11: 47 | I11: 72097 | J11: 71598 | K11: 167 | L11: #TeslaCoInnovation | M11: ModelYCampaign | N11: 50862 | O11: 15305 | P11: 5.6486 | Q11: 1379539 | R11: =(F11+K11)/Q11 -> 0.0031952703 | S11: =N11-O11 -> 35557 | T11: =WEEKNUM(C11) -> 11 | U11: =AVERAGE(S11:S13) -> 39706
A12: P011 | B12: Instagram | C12: 45690 | D12: Story | E12: Check out our latest story on instagram! | F12: 1792 | G12: 614 | H12: 497 | I12: 25088 | J12: 24675 | K12: 65 | L12: #FutureOfDriving | M12: SustainabilityDrive | N12: 58311 | O12: 10307 | P12: 5.7156 | Q12: 1164373 | R12: =(F12+K12)/Q12 -> 0.0015948498 | S12: =N12-O12 -> 48004 | T12: =WEEKNUM(C12) -> 6 | U12: =AVERAGE(S12:S14) -> 39642.667
A13: P012 | B13: Facebook | C13: 45494 | D13: Reel | E13: Check out our latest reel on facebook! | F13: 1946 | G13: 686 | H13: 377 | I13: 23352 | J13: 22982 | K13: 213 | L13: #FutureOfDriving | M13: FSDUpdate | N13: 50862 | O13: 15305 | P13: 5.6486 | Q13: 1379539 | R13: =(F13+K13)/Q13 -> 0.0015650156 | S13: =N13-O13 -> 35557 | T13: =WEEKNUM(C13) -> 30 | U13: =AVERAGE(S13:S15) -> 35493.667
A14: P013 | B14: YouTube | C14: 45614 | D14: Carousel | E14: Check out our latest carousel on youtube! | F14: 1171 | G14: 286 | H14: 231 | I14: 22249 | J14: 21282 | K14: 114 | L14: #EVRevolution | M14: CybertruckLaunch | N14: 47471 | O14: 12104 | P14: 5.5588 | Q14: 1228647 | R14: =(F14+K14)/Q14 -> 0.0010458659 | S14: =N14-O14 -> 35367 | T14: =WEEKNUM(C14) -> 47 | U14: =AVERAGE(S14:S16) -> 35493.667
A15: P014 | B15: Facebook | C15: 45704 | D15: Story | E15: Check out our latest story on facebook! | F15: 4242 | G15: 555 | H15: 131 | I15: 33936 | J15: 33802 | K15: 265 | L15: #FutureOfDriving | N15: 50862 | O15: 15305 | P15: 5.6486 | Q15: 1379539 | R15: =(F15+K15)/Q15 -> 0.0032670334 | S15: =N15-O15 -> 35557 | T15: =WEEKNUM(C15) -> 8 | U15: =AVERAGE(S15:S17) -> 35557
A16: P015 | B16: Facebook | C16: 45589 | D16: Video | E16: Check out our latest video on facebook! | F16: 3888 | G16: 604 | H16: 128 | I16: 77760 | J16: 77167 | K16: 20 | L16: #FutureOfDriving | M16: CybertruckLaunch | N16: 50862 | O16: 15305 | P16: 5.6486 | Q16: 1379539 | R16: =(F16+K16)/Q16 -> 0.0028328304 | S16: =N16-O16 -> 35557 | T16: =WEEKNUM(C16) -> 43 | U16: =AVERAGE(S16:S18) -> 35557
A17: P016 | B17: Facebook | C17: 45530 | D17: Text | E17: Check out our latest text on facebook! | F17: 3452 | G17: 377 | H17: 360 | I17: 55232 | J17: 55075 | K17: 87 | L17: #FutureOfDriving | M17: FSDUpdate | N17: 50862 | O17: 15305 | P17: 5.6486 | Q17: 1379539 | R17: =(F17+K17)/Q17 -> 0.0025653497 | S17: =N17-O17 -> 35557 | T17: =WEEKNUM(C17) -> 35 | U17: =AVERAGE(S17:S19) -> 39706
A18: P017 | B18: Facebook | C18: 45782 | D18: Text | E18: Check out our latest text on facebook! | F18: 4441 | G18: 511 | H18: 70 | I18: 53292 | J18: 53082 | K18: 159 | L18: #EVRevolution | M18: SustainabilityDrive | N18: 50862 | O18: 15305 | P18: 5.6486 | Q18: 1379539 | R18: =(F18+K18)/Q18 -> 0.0033344472 | S18: =N18-O18 -> 35557 | T18: =WEEKNUM(C18) -> 19 | U18: =AVERAGE(S18:S20) -> 43855
A19: P018 | B19: Instagram | C19: 45523 | D19: Reel | E19: Check out our latest reel on instagram! | F19: 3000 | G19: 382 | H19: 325 | I19: 36000 | J19: 35819 | K19: 19 | L19: #FutureOfDriving | M19: CybertruckLaunch | N19: 58311 | O19: 10307 | P19: 5.7156 | Q19: 1164373 | R19: =(F19+K19)/Q19 -> 0.0025928118 | S19: =N19-O19 -> 48004 | T19: =WEEKNUM(C19) -> 34 | U19: =AVERAGE(S19:S21) -> 48004
A20: P019 | B20: Instagram | C20: 45466 | D20: Video | E20: Check out our latest video on instagram! | F20: 1071 | G20: 519 | H20: 22 | I20: 16065 | J20: 15865 | K20: 103 | L20: #TeslaCoInnovation | M20: SustainabilityDrive | N20: 58311 | O20: 10307 | P20: 5.7156 | Q20: 1164373 | R20: =(F20+K20)/Q20 -> 0.001008268 | S20: =N20-O20 -> 48004 | T20: =WEEKNUM(C20) -> 26 | U20: =AVERAGE(S20:S22) -> 48004
A21: P020 | B21: Instagram | C21: 45544 | D21: Carousel | E21: Check out our latest carousel on instagram! | F21: 4054 | G21: 488 | H21: 373 | I21: 77026 | J21: 76881 | K21: 25 | L21: #TeslaCoInnovation | M21: CybertruckLaunch | N21: 58311 | O21: 10307 | P21: 5.7156 | Q21: 1164373 | R21: =(F21+K21)/Q21 -> 0.003503173 | S21: =N21-O21 -> 48004 | T21: =WEEKNUM(C21) -> 37 | U21: =AVERAGE(S21:S23) -> 43855
A22: P021 | B22: Instagram | C22: 45661 | D22: Reel | E22: Check out our latest reel on instagram! | F22: 4838 | G22: 640 | H22: 128 | I22: 72570 | J22: 72396 | K22: 83 | L22: #FutureOfDriving | M22: SustainabilityDrive | N22: 58311 | O22: 10307 | P22: 5.7156 | Q22: 1164373 | R22: =(F22+K22)/Q22 -> 0.0042263089 | S22: =N22-O22 -> 48004 | T22: =WEEKNUM(C22) -> 1 | U22: =AVERAGE(S22:S24) -> 39706
A23: P022 | B23: Facebook | C23: 45715 | D23: Text | E23: Check out our latest text on facebook! | F23: 1570 | G23: 187 | H23: 260 | I23: 25120 | J23: 24613 | K23: 133 | L23: #TeslaCoInnovation | M23: SustainabilityDrive | N23: 50862 | O23: 15305 | P23: 5.6486 | Q23: 1379539 | R23: =(F23+K23)/Q23 -> 0.0012344704 | S23: =N23-O23 -> 35557 | T23: =WEEKNUM(C23) -> 9 | U23: =AVERAGE(S23:S25) -> 35557
A24: P023 | B24: Facebook | C24: 45602 | D24: Video | E24: Check out our latest video on facebook! | F24: 1606 | G24: 547 | H24: 316 | I24: 32120 | J24: 31736 | K24: 225 | L24: #TeslaCoInnovation | M24: ModelYCampaign | N24: 50862 | O24: 15305 | P24: 5.6486 | Q24: 1379539 | R24: =(F24+K24)/Q24 -> 0.001327255 | S24: =N24-O24 -> 35557 | T24: =WEEKNUM(C24) -> 45 | U24: =AVERAGE(S24:S26) -> 37430.333
A25: P024 | B25: Facebook | C25: 45680 | D25: Video | E25: Check out our latest video on facebook! | F25: 3961 | G25: 761 | H25: 131 | I25: 67337 | J25: 66615 | K25: 161 | L25: #FutureOfDriving | M25: FSDUpdate | N25: 50862 | O25: 15305 | P25: 5.6486 | Q25: 1379539 | R25: =(F25+K25)/Q25 -> 0.0029879547 | S25: =N25-O25 -> 35557 | T25: =WEEKNUM(C25) -> 4 | U25: =AVERAGE(S25:S27) -> 37367
A26: P025 | B26: Twitter | C26: 45757 | D26: Carousel | E26: Check out our latest carousel on twitter! | F26: 3128 | G26: 211 | H26: 197 | I26: 59432 | J26: 59182 | K26: 238 | L26: #EVRevolution | N26: 53484 | O26: 12307 | P26: 5.6558 | Q26: 1060357 | R26: =(F26+K26)/Q26 -> 0.0031744026 | S26: =N26-O26 -> 41177 | T26: =WEEKNUM(C26) -> 15 | U26: =AVERAGE(S26:S28) -> 37303.667
A27: P026 | B27: YouTube | C27: 45752 | D27: Reel | E27: Check out our latest reel on youtube! | F27: 3009 | G27: 413 | H27: 358 | I27: 42126 | J27: 41309 | K27: 211 | L27: #FutureOfDriving | M27: ModelYCampaign | N27: 47471 | O27: 12104 | P27: 5.5588 | Q27: 1228647 | R27: =(F27+K27)/Q27 -> 0.002620769 | S27: =N27-O27 -> 35367 | T27: =WEEKNUM(C27) -> 14 | U27: =AVERAGE(S27:S29) -> 39579.333
A28: P027 | B28: YouTube | C28: 45552 | D28: Text | E28: Check out our latest text on youtube! | F28: 2076 | G28: 195 | H28: 104 | I28: 33216 | J28: 32244 | K28: 51 | L28: #FutureOfDriving | M28: SustainabilityDrive | N28: 47471 | O28: 12104 | P28: 5.5588 | Q28: 1228647 | R28: =(F28+K28)/Q28 -> 0.0017311726 | S28: =N28-O28 -> 35367 | T28: =WEEKNUM(C28) -> 38 | U28: =AVERAGE(S28:S30) -> 43791.667
A29: P028 | B29: Instagram | C29: 45720 | D29: Video | E29: Check out our latest video on instagram! | F29: 432 | G29: 624 | H29: 123 | I29: 6912 | J29: 6259 | K29: 79 | L29: #FutureOfDriving | M29: SustainabilityDrive | N29: 58311 | O29: 10307 | P29: 5.7156 | Q29: 1164373 | R29: =(F29+K29)/Q29 -> 0.0004388628 | S29: =N29-O29 -> 48004 | T29: =WEEKNUM(C29) -> 10 | U29: =AVERAGE(S29:S31) -> 48004
A30: P029 | B30: Instagram | C30: 45688 | D30: Carousel | E30: Check out our latest carousel on instagram! | F30: 2566 | G30: 118 | H30: 37 | I30: 12830 | J30: 12264 | K30: 221 | L30: #FutureOfDriving | M30: FSDUpdate | N30: 58311 | O30: 10307 | P30: 5.7156 | Q30: 1164373 | R30: =(F30+K30)/Q30 -> 0.0023935629 | S30: =N30-O30 -> 48004 | T30: =WEEKNUM(C30) -> 5 | U30: =AVERAGE(S30:S32) -> 48004
A31: P030 | B31: Instagram | C31: 45713 | D31: Video | E31: Check out our latest video on instagram! | F31: 3095 | G31: 39 | H31: 78 | I31: 55710 | J31: 54808 | K31: 93 | L31: #EVRevolution | N31: 58311 | O31: 10307 | P31: 5.7156 | Q31: 1164373 | R31: =(F31+K31)/Q31 -> 0.0027379542 | S31: =N31-O31 -> 48004 | T31: =WEEKNUM(C31) -> 9 | U31: =AVERAGE(S31:S33) -> 45728.333
A32: P031 | B32: Instagram | C32: 45642 | D32: Text | E32: Check out our latest text on instagram! | F32: 438 | G32: 153 | H32: 275 | I32: 3066 | J32: 2701 | K32: 282 | L32: #TeslaCoInnovation | M32: ModelYCampaign | N32: 58311 | O32: 10307 | P32: 5.7156 | Q32: 1164373 | R32: =(F32+K32)/Q32 -> 0.00061835855 | S32: =N32-O32 -> 48004 | T32: =WEEKNUM(C32) -> 51 | U32: =AVERAGE(S32:S34) -> 41579.333
A33: P032 | B33: Twitter | C33: 45504 | D33: Carousel | E33: Check out our latest carousel on twitter! | F33: 2278 | G33: 10 | H33: 321 | I33: 13668 | J33: 12676 | K33: 275 | L33: #EVRevolution | M33: CybertruckLaunch | N33: 53484 | O33: 12307 | P33: 5.6558 | Q33: 1060357 | R33: =(F33+K33)/Q33 -> 0.0024076797 | S33: =N33-O33 -> 41177 | T33: =WEEKNUM(C33) -> 31 | U33: =AVERAGE(S33:S35) -> 37430.333
A34: P033 | B34: Facebook | C34: 45525 | D34: Image | E34: Check out our latest image on facebook! | F34: 1407 | G34: 400 | H34: 351 | I34: 16884 | J34: 15954 | K34: 113 | L34: #TeslaCoInnovation | M34: CybertruckLaunch | N34: 50862 | O34: 15305 | P34: 5.6486 | Q34: 1379539 | R34: =(F34+K34)/Q34 -> 0.0011018173 | S34: =N34-O34 -> 35557 | T34: =WEEKNUM(C34) -> 34 | U34: =AVERAGE(S34:S36) -> 39706
A35: P034 | B35: Facebook | C35: 45742 | D35: Text | E35: Check out our latest text on facebook! | F35: 1652 | G35: 89 | H35: 357 | I35: 29736 | J35: 28771 | K35: 215 | L35: #TeslaCoInnovation | M35: FSDUpdate | N35: 50862 | O35: 15305 | P35: 5.6486 | Q35: 1379539 | R35: =(F35+K35)/Q35 -> 0.0013533506 | S35: =N35-O35 -> 35557 | T35: =WEEKNUM(C35) -> 13 | U35: =AVERAGE(S35:S37) -> 43855
A36: P035 | B36: Instagram | C36: 45626 | D36: Video | E36: Check out our latest video on instagram! | F36: 3775 | G36: 16 | H36: 239 | I36: 33975 | J36: 33310 | K36: 271 | L36: #FutureOfDriving | M36: ModelYCampaign | N36: 58311 | O36: 10307 | P36: 5.7156 | Q36: 1164373 | R36: =(F36+K36)/Q36 -> 0.0034748315 | S36: =N36-O36 -> 48004 | T36: =WEEKNUM(C36) -> 48 | U36: =AVERAGE(S36:S38) -> 43855
A37: P036 | B37: Instagram | C37: 45766 | D37: Story | E37: Check out our latest story on instagram! | F37: 4518 | G37: 285 | H37: 383 | I37: 67770 | J37: 67621 | K37: 31 | L37: #EVRevolution | M37: ModelYCampaign | N37: 58311 | O37: 10307 | P37: 5.7156 | Q37: 1164373 | R37: =(F37+K37)/Q37 -> 0.0039068237 | S37: =N37-O37 -> 48004 | T37: =WEEKNUM(C37) -> 16 | U37: =AVERAGE(S37:S39) -> 39642.667
A38: P037 | B38: Facebook | C38: 45663 | D38: Carousel | E38: Check out our latest carousel on facebook! | F38: 3024 | G38: 925 | H38: 350 | I38: 24192 | J38: 23518 | K38: 36 | L38: #EVRevolution | M38: ModelYCampaign | N38: 50862 | O38: 15305 | P38: 5.6486 | Q38: 1379539 | R38: =(F38+K38)/Q38 -> 0.0022181323 | S38: =N38-O38 -> 35557 | T38: =WEEKNUM(C38) -> 2 | U38: =AVERAGE(S38:S40) -> 35493.667
A39: P038 | B39: YouTube | C39: 45705 | D39: Reel | E39: Check out our latest reel on youtube! | F39: 3138 | G39: 123 | H39: 291 | I39: 28242 | J39: 27550 | K39: 87 | L39: #TeslaCoInnovation | M39: SustainabilityDrive | N39: 47471 | O39: 12104 | P39: 5.5588 | Q39: 1228647 | R39: =(F39+K39)/Q39 -> 0.0026248385 | S39: =N39-O39 -> 35367 | T39: =WEEKNUM(C39) -> 8 | U39: =AVERAGE(S39:S41) -> 37367
A40: P039 | B40: Facebook | C40: 45621 | D40: Image | E40: Check out our latest image on facebook! | F40: 3564 | G40: 629 | H40: 177 | I40: 60588 | J40: 59627 | K40: 92 | L40: #TeslaCoInnovation | N40: 50862 | O40: 15305 | P40: 5.6486 | Q40: 1379539 | R40: =(F40+K40)/Q40 -> 0.0026501607 | S40: =N40-O40 -> 35557 | T40: =WEEKNUM(C40) -> 48 | U40: =AVERAGE(S40:S42) -> 41579.333
A41: P040 | B41: Twitter | C41: 45723 | D41: Image | E41: Check out our latest image on twitter! | F41: 4750 | G41: 151 | H41: 415 | I41: 38000 | J41: 37792 | K41: 299 | L41: #EVRevolution | M41: SustainabilityDrive | N41: 53484 | O41: 12307 | P41: 5.6558 | Q41: 1060357 | R41: =(F41+K41)/Q41 -> 0.0047616039 | S41: =N41-O41 -> 41177 | T41: =WEEKNUM(C41) -> 10 | U41: =AVERAGE(S41:S43) -> 41516
A42: P041 | B42: Instagram | C42: 45724 | D42: Reel | E42: Check out our latest reel on instagram! | F42: 456 | G42: 629 | H42: 428 | I42: 8208 | J42: 7377 | K42: 205 | L42: #FutureOfDriving | M42: SustainabilityDrive | N42: 58311 | O42: 10307 | P42: 5.7156 | Q42: 1164373 | R42: =(F42+K42)/Q42 -> 0.0005676875 | S42: =N42-O42 -> 48004 | T42: =WEEKNUM(C42) -> 10 | U42: =AVERAGE(S42:S44) -> 43791.667
A43: P042 | B43: YouTube | C43: 45721 | D43: Reel | E43: Check out our latest reel on youtube! | F43: 1543 | G43: 820 | H43: 333 | I43: 12344 | J43: 11496 | K43: 241 | L43: #EVRevolution | N43: 47471 | O43: 12104 | P43: 5.5588 | Q43: 1228647 | R43: =(F43+K43)/Q43 -> 0.0014520037 | S43: =N43-O43 -> 35367 | T43: =WEEKNUM(C43) -> 10 | U43: =AVERAGE(S43:S45) -> 41516
A44: P043 | B44: Instagram | C44: 45640 | D44: Carousel | E44: Check out our latest carousel on instagram! | F44: 2174 | G44: 658 | H44: 15 | I44: 13044 | J44: 12206 | K44: 137 | L44: #TeslaCoInnovation | M44: FSDUpdate | N44: 58311 | O44: 10307 | P44: 5.7156 | Q44: 1164373 | R44: =(F44+K44)/Q44 -> 0.0019847592 | S44: =N44-O44 -> 48004 | T44: =WEEKNUM(C44) -> 50 | U44: =AVERAGE(S44:S46) -> 41579.333
A45: P044 | B45: Twitter | C45: 45718 | D45: Image | E45: Check out our latest image on twitter! | F45: 2358 | G45: 784 | H45: 344 | I45: 35370 | J45: 34475 | K45: 216 | L45: #TeslaCoInnovation | N45: 53484 | O45: 12307 | P45: 5.6558 | Q45: 1060357 | R45: =(F45+K45)/Q45 -> 0.0024274843 | S45: =N45-O45 -> 41177 | T45: =WEEKNUM(C45) -> 10 | U45: =AVERAGE(S45:S47) -> 39303.667
A46: P045 | B46: Facebook | C46: 45597 | D46: Video | E46: Check out our latest video on facebook! | F46: 3371 | G46: 106 | H46: 327 | I46: 50565 | J46: 49816 | K46: 176 | L46: #FutureOfDriving | M46: CybertruckLaunch | N46: 50862 | O46: 15305 | P46: 5.6486 | Q46: 1379539 | R46: =(F46+K46)/Q46 -> 0.0025711488 | S46: =N46-O46 -> 35557 | T46: =WEEKNUM(C46) -> 44 | U46: =AVERAGE(S46:S48) -> 39303.667
A47: P046 | B47: Twitter | C47: 45779 | D47: Video | E47: Check out our latest video on twitter! | F47: 1108 | G47: 177 | H47: 212 | I47: 8864 | J47: 8710 | K47: 97 | L47: #TeslaCoInnovation | M47: SustainabilityDrive | N47: 53484 | O47: 12307 | P47: 5.6558 | Q47: 1060357 | R47: =(F47+K47)/Q47 -> 0.0011364097 | S47: =N47-O47 -> 41177 | T47: =WEEKNUM(C47) -> 18 | U47: =AVERAGE(S47:S49) -> 41177
A48: P047 | B48: Twitter | C48: 45712 | D48: Carousel | E48: Check out our latest carousel on twitter! | F48: 2704 | G48: 752 | H48: 153 | I48: 21632 | J48: 20792 | K48: 127 | L48: #FutureOfDriving | N48: 53484 | O48: 12307 | P48: 5.6558 | Q48: 1060357 | R48: =(F48+K48)/Q48 -> 0.0026698555 | S48: =N48-O48 -> 41177 | T48: =WEEKNUM(C48) -> 9 | U48: =AVERAGE(S48:S50) -> 41177
